FR,TR,Name,REP,START,END,TIM,EN
1200,16,08,2,1405164534.228343617,1405164540.688414217,6.460070600,655.748345
1200,16,08,3,1405164543.156457435,1405164549.144643423,5.988185988,615.932939
1200,16,08,4,1405164550.644549757,1405164556.443978338,5.799428581,587.001802
1200,16,08,5,1405164558.913041758,1405164564.294310473,5.381268715,540.90297
1200,16,08,6,1405164566.764006374,1405164572.487306945,5.723300571,588.830979
1200,16,08,7,1405164574.954956924,1405164580.433462952,5.478506028,554.173974
1200,16,08,8,1405164582.901930468,1405164589.013942593,6.112012125,617.050248
1200,8,08,2,1405167170.914813951,1405167177.495788752,6.580974801,671.724001
1200,8,08,3,1405167178.962109735,1405167186.301132414,7.339022679,748.972715
1200,8,08,4,1405167188.773484528,1405167194.895189013,6.121704485,619.932568
1200,8,08,5,1405167196.362657460,1405167203.195827169,6.833169709,695.413086
1200,8,08,6,1405167204.701200113,1405167210.766991419,6.065791306,613.549996
1200,8,08,7,1405167213.275909894,1405167220.165610582,6.889700688,708.054936
1200,8,08,8,1405167220.827584792,1405167226.960099278,6.132514486,620.676958
1200,32,08,2,1405169800.701830515,1405169806.731915611,6.030085096,630.394172
1200,32,08,3,1405169809.240931064,1405169815.094478021,5.853546957,609.309818
1200,32,08,4,1405169816.558195794,1405169822.408746784,5.850550990,610.256319
1200,32,08,5,1405169824.877072888,1405169831.409274234,6.532201346,685.671312
1200,32,08,6,1405169832.876930537,1405169838.235240841,5.358310304,545.507799
1200,32,08,7,1405169840.726331646,1405169846.590716188,5.864384542,614.593619
1200,32,08,8,1405169849.100687290,1405169855.251516263,6.150828973,636.322233
1200,4,08,2,1405173001.168510377,1405173009.134295768,7.965785391,797.691033
1200,4,08,3,1405173010.630235997,1405173019.745647124,9.115411127,913.690601
1200,4,08,4,1405173020.434669852,1405173029.590923948,9.156254096,914.410384
1200,4,08,5,1405173031.071436117,1405173038.605455836,7.534019719,750.600027
1200,4,08,6,1405173041.091621847,1405173049.771349116,8.679727269,869.808292
1200,4,08,7,1405173050.493581966,1405173058.077474365,7.583892399,754.678325
1200,4,08,8,1405173058.767794469,1405173066.240264622,7.472470153,750.076047
1200,2,08,2,1405177232.521684525,1405177243.408841707,10.887157182,1070.274403
1200,2,08,3,1405177244.876094566,1405177254.862690376,9.986595810,979.370009
1200,2,08,4,1405177256.330508793,1405177267.431164508,11.100655715,1090.085735
1200,2,08,5,1405177268.902470588,1405177280.371091529,11.468620941,1126.349808
1200,2,08,6,1405177282.842270402,1405177294.424482858,11.582212456,1140.265779
1200,2,08,7,1405177296.893518625,1405177308.936325078,12.042806453,1186.942078
1200,2,08,8,1405177310.439505145,1405177320.583596678,10.144091533,996.127127
1200,1,08,2,1405183244.664641601,1405183260.632918373,15.968276772,1516.814457
1200,1,08,3,1405183263.144277700,1405183279.404599737,16.260322037,1548.969347
1200,1,08,4,1405183280.938091395,1405183300.614411139,19.676319744,1897.756804
1200,1,08,5,1405183303.088048426,1405183322.872088888,19.784040462,1905.290803
1200,1,08,6,1405183324.340839239,1405183340.753259530,16.412420291,1563.963982
1200,1,08,7,1405183342.218481490,1405183363.758275049,21.539793559,2079.121906
1200,1,08,8,1405183364.423789342,1405183384.604856887,20.181067545,1948.487886
1300,16,08,2,1405189094.595427008,1405189100.538480013,5.943053005,613.790393
1300,16,08,3,1405189103.004990203,1405189109.327409183,6.322418980,667.6264
1300,16,08,4,1405189110.790500642,1405189117.117143103,6.326642461,659.153611
1300,16,08,5,1405189118.582165838,1405189125.038870960,6.456705122,673.899918
1300,16,08,6,1405189126.541190683,1405189132.183176565,5.641985882,581.951689
1300,16,08,7,1405189134.687726714,1405189139.895358355,5.207631641,539.944646
1300,16,08,8,1405189140.558607481,1405189145.501554462,4.942946981,510.938924
1300,8,08,2,1405191581.107659008,1405191587.426037447,6.318378439,653.772522
1300,8,08,3,1405191588.887334252,1405191594.684321207,5.796986955,600.833839
1300,8,08,4,1405191597.150252635,1405191602.975019644,5.824767009,600.618166
1300,8,08,5,1405191604.439624730,1405191611.691735405,7.252110675,759.140368
1300,8,08,6,1405191612.350692986,1405191618.111674801,5.760981815,591.283097
1300,8,08,7,1405191618.769378179,1405191624.654378227,5.885000048,603.88435
1300,8,08,8,1405191627.129915482,1405191633.785536746,6.655621264,683.769901
1300,32,08,2,1405194034.683329087,1405194039.180193632,4.496864545,469.451224
1300,32,08,3,1405194040.684855695,1405194045.845174332,5.160318637,541.821288
1300,32,08,4,1405194046.545716490,1405194052.152785309,5.607068819,601.83146
1300,32,08,5,1405194052.813616457,1405194058.277916544,5.464300087,594.20854
1300,32,08,6,1405194060.746104630,1405194066.039433409,5.293328779,559.633298
1300,32,08,7,1405194066.699994022,1405194072.117281580,5.417287558,582.115771
1300,32,08,8,1405194074.584068046,1405194079.887584955,5.303516909,565.045556
1300,4,08,2,1405197012.429810783,1405197020.201213712,7.771402929,786.275249
1300,4,08,3,1405197022.672993178,1405197030.930343471,8.257350293,845.290649
1300,4,08,4,1405197032.394055062,1405197039.846799063,7.452744001,760.368716
1300,4,08,5,1405197040.505055466,1405197047.986363516,7.481308050,760.221129
1300,4,08,6,1405197048.645902919,1405197056.825138266,8.179235347,829.086411
1300,4,08,7,1405197058.324810846,1405197065.990514298,7.665703452,778.226282
1300,4,08,8,1405197066.690120180,1405197074.706462099,8.016341919,810.877445
1300,2,08,2,1405200978.796754290,1405200990.778077936,11.981323646,1180.561538
1300,2,08,3,1405200993.284757352,1405201004.653976978,11.369219626,1130.805679
1300,2,08,4,1405201007.131589922,1405201016.444942413,9.313352491,928.182619
1300,2,08,5,1405201018.915196066,1405201030.249164524,11.333968458,1125.787587
1300,2,08,6,1405201032.753342013,1405201042.531975156,9.778633143,967.838919
1300,2,08,7,1405201044.998680480,1405201054.844085803,9.845405323,978.534994
1300,2,08,8,1405201056.308066338,1405201066.649066736,10.341000398,1026.308705
1300,1,08,2,1405206556.379456763,1405206571.210860239,14.831403476,1430.659832
1300,1,08,3,1405206572.675867285,1405206587.464830732,14.788963447,1431.302347
1300,1,08,4,1405206588.928335973,1405206603.690423245,14.762087272,1435.897457
1300,1,08,5,1405206604.385904889,1405206618.927422297,14.541517408,1402.24572
1300,1,08,6,1405206620.393511524,1405206635.501089351,15.107577827,1462.549039
1300,1,08,7,1405206636.967800811,1405206656.083766293,19.115965482,1860.749453
1300,1,08,8,1405206656.751142011,1405206675.063577514,18.312435503,1775.721227
1400,16,08,2,1405211994.588616388,1405211998.924503817,4.335887429,447.406211
1400,16,08,3,1405212000.385148963,1405212005.069735507,4.684586544,488.880042
1400,16,08,4,1405212006.530833888,1405212012.250664659,5.719830771,610.642855
1400,16,08,5,1405212014.717871595,1405212019.552582060,4.834710465,507.384099
1400,16,08,6,1405212020.244981913,1405212025.741930989,5.496949076,590.207815
1400,16,08,7,1405212026.396861961,1405212031.266666346,4.869804385,501.248911
1400,16,08,8,1405212032.727568675,1405212037.281365227,4.553796552,484.985301
1400,8,08,2,1405214340.740665421,1405214346.210986896,5.470321475,568.056186
1400,8,08,3,1405214348.677397792,1405214354.461378149,5.783980357,611.799888
1400,8,08,4,1405214356.929370436,1405214362.505506717,5.576136281,579.273561
1400,8,08,5,1405214364.973485265,1405214370.424620032,5.451134767,564.052777
1400,8,08,6,1405214372.892488358,1405214377.742863423,4.850375065,503.107074
1400,8,08,7,1405214378.442917490,1405214383.356209928,4.913292438,506.896868
1400,8,08,8,1405214384.855304237,1405214389.876175118,5.020870881,523.146678
1400,32,08,2,1405216676.391374939,1405216681.709989562,5.318614623,563.111407
1400,32,08,3,1405216682.414594828,1405216687.200406947,4.785812119,513.898803
1400,32,08,4,1405216688.675755997,1405216693.928042605,5.252286608,561.407823
1400,32,08,5,1405216694.593657640,1405216699.457789893,4.864132253,518.769399
1400,32,08,6,1405216700.922954793,1405216706.194824401,5.271869608,573.719158
1400,32,08,7,1405216708.711547785,1405216714.980191429,6.268643644,659.663727
1400,32,08,8,1405216716.457136797,1405216721.767703726,5.310566929,569.800591
1400,4,08,2,1405219455.095575348,1405219462.228424149,7.132848801,735.868708
1400,4,08,3,1405219464.695143519,1405219472.313994134,7.618850615,787.548508
1400,4,08,4,1405219474.820232032,1405219481.704611032,6.884379000,705.982251
1400,4,08,5,1405219482.362599170,1405219490.055897235,7.693298065,792.817088
1400,4,08,6,1405219490.712295128,1405219497.504135722,6.791840594,698.786166
1400,4,08,7,1405219498.966012273,1405219506.319858057,7.353845784,751.160879
1400,4,08,8,1405219508.825649989,1405219515.342382777,6.516732788,674.427108
1400,2,08,2,1405223200.641516305,1405223210.565307297,9.923790992,993.092364
1400,2,08,3,1405223213.033906348,1405223222.667620829,9.633714481,964.706682
1400,2,08,4,1405223225.132453044,1405223234.299836797,9.167383753,912.300044
1400,2,08,5,1405223236.770212740,1405223246.374769389,9.604556649,964.074975
1400,2,08,6,1405223248.840579306,1405223257.472900556,8.632321250,861.478959
1400,2,08,7,1405223258.932385794,1405223268.331279060,9.398893266,947.308925
1400,2,08,8,1405223270.832474153,1405223279.675471513,8.842997360,883.183744
1400,1,08,2,1405228388.790608342,1405228403.161394560,14.370786218,1398.096691
1400,1,08,3,1405228404.622437696,1405228423.037534888,18.415097192,1806.712015
1400,1,08,4,1405228424.496327859,1405228440.164876130,15.668548271,1527.950359
1400,1,08,5,1405228442.636870169,1405228458.730161987,16.093291818,1560.154198
1400,1,08,6,1405228461.196258253,1405228478.493788758,17.297530505,1696.359071
1400,1,08,7,1405228480.957862304,1405228499.397712303,18.439849999,1811.276689
1400,1,08,8,1405228500.860006685,1405228514.874325385,14.014318700,1370.712914
1600,16,08,2,1405233424.780702327,1405233429.825032975,5.044330648,549.208354
1600,16,08,3,1405233430.477939562,1405233435.483910981,5.005971419,555.246596
1600,16,08,4,1405233436.936393051,1405233441.874726985,4.938333934,522.497105
1600,16,08,5,1405233442.559455434,1405233446.656440947,4.096985513,438.480999
1600,16,08,6,1405233449.115430997,1405233453.293899353,4.178468356,444.127409
1600,16,08,7,1405233454.749359336,1405233458.862232623,4.112873287,437.435533
1600,16,08,8,1405233460.315516422,1405233464.858549295,4.543032873,483.350997
1600,8,08,2,1405235526.858000883,1405235531.863841666,5.005840783,541.66207
1600,8,08,3,1405235532.515947436,1405235537.719671846,5.203724410,557.276679
1600,8,08,4,1405235538.366596571,1405235543.592197286,5.225600715,568.225728
1600,8,08,5,1405235544.242781532,1405235549.904608903,5.661827371,615.540132
1600,8,08,6,1405235550.555558637,1405235555.358783198,4.803224561,513.025964
1600,8,08,7,1405235556.812756718,1405235562.424257091,5.611500373,601.484619
1600,8,08,8,1405235564.883338204,1405235570.460553471,5.577215267,596.993921
1600,32,08,2,1405237608.234457436,1405237612.485201489,4.250744053,475.386535
1600,32,08,3,1405237614.982918146,1405237619.443062355,4.460144209,492.185685
1600,32,08,4,1405237620.896115520,1405237625.090764032,4.194648512,479.624874
1600,32,08,5,1405237626.582084220,1405237630.841169842,4.259085622,457.896215
1600,32,08,6,1405237632.329927946,1405237636.891898478,4.561970532,503.349634
1600,32,08,7,1405237638.383649873,1405237642.304712457,3.921062584,428.810426
1600,32,08,8,1405237644.761984243,1405237649.235231509,4.473247266,500.768384
1600,4,08,2,1405240172.723842210,1405240178.945604449,6.221762239,663.756985
1600,4,08,3,1405240180.443192437,1405240186.342258393,5.899065956,625.918775
1600,4,08,4,1405240188.843138829,1405240195.730462169,6.887323340,734.96957
1600,4,08,5,1405240196.385788081,1405240202.822784950,6.436996869,682.305609
1600,4,08,6,1405240204.283314886,1405240211.920207574,7.636892688,819.068472
1600,4,08,7,1405240212.576580424,1405240218.718759828,6.142179404,645.856377
1600,4,08,8,1405240221.219654651,1405240228.381660835,7.162006184,750.928114
1600,2,08,2,1405243514.363379876,1405243523.991583581,9.628203705,994.362496
1600,2,08,3,1405243524.646203627,1405243535.307336144,10.661132517,1108.568363
1600,2,08,4,1405243536.803784284,1405243544.475568610,7.671784326,789.789029
1600,2,08,5,1405243546.935272203,1405243554.859851996,7.924579793,816.506731
1600,2,08,6,1405243556.315595880,1405243565.064917389,8.749321509,898.986976
1600,2,08,7,1405243566.520988999,1405243574.925312076,8.404323077,863.472195
1600,2,08,8,1405243576.382133110,1405243585.706779177,9.324646067,950.499662
1600,1,08,2,1405248208.622801142,1405248222.501764736,13.878963594,1361.655116
1600,1,08,3,1405248224.963047930,1405248237.179929796,12.216881866,1192.516177
1600,1,08,4,1405248238.633298800,1405248254.020081208,15.386782408,1526.2892
1600,1,08,5,1405248254.672674822,1405248270.508161276,15.835486454,1571.169855
1600,1,08,6,1405248272.969103174,1405248288.318556336,15.349453162,1523.930116
1600,1,08,7,1405248290.815984093,1405248305.068655160,14.252671067,1414.784634
1600,1,08,8,1405248306.523367529,1405248320.294508119,13.771140590,1365.98378
1700,16,08,2,1405252768.825503337,1405252773.425028748,4.599525411,524.074155
1700,16,08,3,1405252774.877702946,1405252779.839519799,4.961816853,556.171362
1700,16,08,4,1405252780.488288878,1405252784.209609234,3.721320356,404.720574
1700,16,08,5,1405252786.702992328,1405252790.865596028,4.162603700,449.229151
1700,16,08,6,1405252792.318154050,1405252795.994265025,3.676110975,401.752964
1700,16,08,7,1405252796.679844557,1405252801.070246431,4.390401874,493.47188
1700,16,08,8,1405252802.519868055,1405252806.439510246,3.919642191,423.706073
1700,8,08,2,1405254798.762100378,1405254804.186037415,5.423937037,597.095383
1700,8,08,3,1405254806.643029767,1405254811.869898092,5.226868325,573.932913
1700,8,08,4,1405254812.516203902,1405254817.700900014,5.184696112,561.266823
1700,8,08,5,1405254818.387771677,1405254823.271891525,4.884119848,528.723782
1700,8,08,6,1405254824.723866110,1405254829.518649768,4.794783658,532.645072
1700,8,08,7,1405254830.971629078,1405254835.709882283,4.738253205,516.729705
1700,8,08,8,1405254836.358147929,1405254841.247788059,4.889640130,532.987906
1700,32,08,2,1405256798.719605285,1405256803.205690468,4.486085183,499.749831
1700,32,08,3,1405256804.657574871,1405256809.028057522,4.370482651,504.519771
1700,32,08,4,1405256810.487607886,1405256814.391413270,3.903805384,430.93959
1700,32,08,5,1405256816.845864370,1405256820.867559953,4.021695583,449.765837
1700,32,08,6,1405256822.319899939,1405256826.573455649,4.253555710,489.928605
1700,32,08,7,1405256829.030434189,1405256833.235682813,4.205248624,471.7994
1700,32,08,8,1405256834.686628517,1405256839.143350777,4.456722260,505.650975
1700,4,08,2,1405259176.261527831,1405259183.058116836,6.796589005,751.96139
1700,4,08,3,1405259184.511273605,1405259191.083714664,6.572441059,705.761272
1700,4,08,4,1405259192.537296741,1405259199.004424594,6.467127853,703.607414
1700,4,08,5,1405259200.457776868,1405259206.481655327,6.023878459,644.248025
1700,4,08,6,1405259208.937619354,1405259214.933738456,5.996119102,648.552207
1700,4,08,7,1405259216.423268185,1405259222.205859503,5.782591318,621.692032
1700,4,08,8,1405259224.663670726,1405259230.155848803,5.492178077,584.364706
1700,2,08,2,1405262387.152370964,1405262396.219084333,9.066713369,942.592119
1700,2,08,3,1405262398.687159656,1405262407.024171641,8.337011985,869.514296
1700,2,08,4,1405262408.487963525,1405262416.638005327,8.150041802,848.746778
1700,2,08,5,1405262419.097662216,1405262427.459785539,8.362123323,865.26165
1700,2,08,6,1405262428.913965980,1405262437.247745122,8.333779142,860.887539
1700,2,08,7,1405262438.704822844,1405262446.092447489,7.387624645,765.457147
1700,2,08,8,1405262446.743048720,1405262454.819753818,8.076705098,838.024843
1700,1,08,2,1405266791.096421009,1405266803.729261239,12.632840230,1270.087036
1700,1,08,3,1405266804.378875731,1405266816.336439858,11.957564127,1194.219609
1700,1,08,4,1405266818.831209146,1405266830.183154812,11.351945666,1130.001922
1700,1,08,5,1405266832.679509533,1405266847.004682900,14.325173367,1433.190571
1700,1,08,6,1405266848.459153220,1405266862.220261893,13.761108673,1376.47923
1700,1,08,7,1405266864.677464332,1405266876.099802791,11.422338459,1136.951044
1700,1,08,8,1405266876.747392378,1405266891.221814717,14.474422339,1450.481518
1800,16,08,2,1405271099.127113194,1405271103.235865851,4.108752657,456.484832
1800,16,08,3,1405271104.722148056,1405271108.594490251,3.872342195,431.514019
1800,16,08,4,1405271111.049496815,1405271115.070975274,4.021478459,445.34621
1800,16,08,5,1405271116.522787152,1405271120.144792508,3.622005356,397.265227
1800,16,08,6,1405271122.600863721,1405271126.477483369,3.876619648,432.790074
1800,16,08,7,1405271128.935257600,1405271132.691163359,3.755905759,418.371275
1800,16,08,8,1405271135.148200861,1405271139.393645081,4.245444220,472.106804
1800,8,08,2,1405273052.587924526,1405273057.229488743,4.641564217,526.182884
1800,8,08,3,1405273058.681165702,1405273062.971413419,4.290247717,477.089542
1800,8,08,4,1405273064.449812862,1405273069.401357439,4.951544577,560.44401
1800,8,08,5,1405273070.852988311,1405273075.346110646,4.493122335,500.987198
1800,8,08,6,1405273076.796818021,1405273081.550325983,4.753507962,515.094348
1800,8,08,7,1405273083.000107730,1405273087.493871957,4.493764227,492.892911
1800,8,08,8,1405273088.946022834,1405273092.695997650,3.749974816,420.306877
1800,32,08,2,1405274997.109394669,1405275001.277223609,4.167828940,486.604453
1800,32,08,3,1405275002.763132396,1405275007.206959366,4.443826970,516.771808
1800,32,08,4,1405275008.659268648,1405275012.536181205,3.876912557,460.546315
1800,32,08,5,1405275014.992238617,1405275018.869022846,3.876784229,443.42187
1800,32,08,6,1405275020.320604796,1405275023.721325233,3.400720437,378.579844
1800,32,08,7,1405275024.364692704,1405275028.732226620,4.367533916,500.53542
1800,32,08,8,1405275031.222213774,1405275035.608920300,4.386706526,496.00519
1800,4,08,2,1405277296.493966629,1405277302.860030756,6.366064127,712.055091
1800,4,08,3,1405277304.310803088,1405277310.516618722,6.205815634,687.148156
1800,4,08,4,1405277312.972317373,1405277318.835924607,5.863607234,630.596158
1800,4,08,5,1405277320.286595932,1405277326.989457041,6.702861109,727.133209
1800,4,08,6,1405277328.441159977,1405277333.702822538,5.261662561,581.18261
1800,4,08,7,1405277334.351459061,1405277339.875887365,5.524428304,609.073589
1800,4,08,8,1405277340.523847496,1405277346.328893672,5.805046176,633.166174
1800,2,08,2,1405280352.749434218,1405280360.884882963,8.135448745,852.51333
1800,2,08,3,1405280362.335150630,1405280370.707333797,8.372183167,871.985113
1800,2,08,4,1405280373.163487771,1405280380.501487468,7.337999697,779.98642
1800,2,08,5,1405280382.956501999,1405280390.127047330,7.170545331,748.804637
1800,2,08,6,1405280390.773936733,1405280397.953722611,7.179785878,748.516567
1800,2,08,7,1405280398.600104198,1405280408.573940393,9.973836195,1047.720973
1800,2,08,8,1405280411.029515776,1405280419.839208674,8.809692898,927.206242
1800,1,08,2,1405284642.804192212,1405284657.015890288,14.211698076,1436.003181
1800,1,08,3,1405284658.468021615,1405284671.988850860,13.520829245,1363.873349
1800,1,08,4,1405284672.636647140,1405284686.039915094,13.403267954,1347.917347
1800,1,08,5,1405284686.688778074,1405284700.157287832,13.468509758,1358.828809
1800,1,08,6,1405284702.615392279,1405284717.172502323,14.557110044,1467.818864
1800,1,08,7,1405284718.660477358,1405284729.630709256,10.970231898,1094.168727
1800,1,08,8,1405284730.278962666,1405284740.977078296,10.698115630,1067.653808
1900,16,08,2,1405288782.377069838,1405288786.059619394,3.682549556,409.014778
1900,16,08,3,1405288786.703943643,1405288790.242695710,3.538752067,394.595842
1900,16,08,4,1405288792.697767720,1405288796.383942420,3.686174700,406.367168
1900,16,08,5,1405288798.875013294,1405288802.319403170,3.444389876,374.484992
1900,16,08,6,1405288804.772406274,1405288807.994983539,3.222577265,357.67055
1900,16,08,7,1405288808.673126465,1405288812.336613471,3.663487006,416.134908
1900,16,08,8,1405288814.825341084,1405288818.180259715,3.354918631,373.36361
1900,8,08,2,1405290664.373603757,1405290669.049024023,4.675420266,521.691021
1900,8,08,3,1405290670.498947305,1405290674.300999986,3.802052681,433.384938
1900,8,08,4,1405290676.757095342,1405290680.562036617,3.804941275,430.377264
1900,8,08,5,1405290683.017148083,1405290686.671619033,3.654470950,411.060832
1900,8,08,6,1405290689.164807220,1405290692.874526068,3.709718848,427.742236
1900,8,08,7,1405290694.325515689,1405290698.522234109,4.196718420,467.360399
1900,8,08,8,1405290700.978382853,1405290704.996768704,4.018385851,452.322684
1900,32,08,2,1405292490.988225004,1405292494.727860991,3.739635987,440.111978
1900,32,08,3,1405292497.179127094,1405292501.089204192,3.910077098,452.039891
1900,32,08,4,1405292502.536939242,1405292506.683361381,4.146422139,490.396593
1900,32,08,5,1405292509.133337405,1405292512.712150978,3.578813573,406.484069
1900,32,08,6,1405292515.161679914,1405292518.856269309,3.694589395,418.447434
1900,32,08,7,1405292520.341435739,1405292524.126708798,3.785273059,425.320942
1900,32,08,8,1405292526.580392592,1405292530.270677384,3.690284792,431.951207
1900,4,08,2,1405294748.516102216,1405294754.624785398,6.108683182,673.269554
1900,4,08,3,1405294757.078770178,1405294763.013427857,5.934657679,650.386704
1900,4,08,4,1405294764.497629974,1405294770.309941761,5.812311787,660.90931
1900,4,08,5,1405294772.765311997,1405294778.369010700,5.603698703,618.605158
1900,4,08,6,1405294780.822352367,1405294787.014982575,6.192630208,680.562411
1900,4,08,7,1405294788.464801414,1405294793.707338959,5.242537545,590.48118
1900,4,08,8,1405294794.390216590,1405294799.853706119,5.463489529,599.120169
1900,2,08,2,1405297678.843763435,1405297686.393906521,7.550143086,800.233678
1900,2,08,3,1405297688.861055756,1405297695.888551356,7.027495600,751.552981
1900,2,08,4,1405297696.545295400,1405297703.277702710,6.732407310,710.006359
1900,2,08,5,1405297704.770442688,1405297711.682244440,6.911801752,729.472845
1900,2,08,6,1405297712.337066888,1405297719.130775573,6.793708685,720.853064
1900,2,08,7,1405297720.621326456,1405297728.086225725,7.464899269,798.871677
1900,2,08,8,1405297728.737619184,1405297736.053044621,7.315425437,779.767619
1900,1,08,2,1405301707.040845227,1405301717.168792189,10.127946962,1017.345374
1900,1,08,3,1405301718.617871733,1405301729.808123492,11.190251759,1131.819745
1900,1,08,4,1405301730.455637670,1405301743.957947578,13.502309908,1375.570832
1900,1,08,5,1405301744.602150329,1405301757.240118431,12.637968102,1281.232871
1900,1,08,6,1405301758.726974788,1405301770.394145069,11.667170281,1177.487569
1900,1,08,7,1405301772.848911534,1405301783.347601726,10.498690192,1058.804247
1900,1,08,8,1405301784.796194138,1405301795.826339422,11.030145284,1109.668603
2000,16,08,2,1405305652.730567369,1405305656.726291277,3.995723908,473.54657
2000,16,08,3,1405305659.177759911,1405305663.126697806,3.948937895,461.499782
2000,16,08,4,1405305664.572877617,1405305668.152766444,3.579888827,411.497368
2000,16,08,5,1405305670.603541243,1405305674.047985595,3.444444352,398.749454
2000,16,08,6,1405305674.689193236,1405305678.866736818,4.177543582,479.303548
2000,16,08,7,1405305680.312994023,1405305684.560146750,4.247152727,500.951707
2000,16,08,8,1405305687.009747040,1405305690.728563604,3.718816564,439.782412
2000,8,08,2,1405307517.076244118,1405307521.855564078,4.779319960,567.346094
2000,8,08,3,1405307522.498765409,1405307526.956484332,4.457718923,510.038965
2000,8,08,4,1405307528.441647094,1405307532.426783963,3.985136869,457.815007
2000,8,08,5,1405307534.918856466,1405307538.677163947,3.758307481,426.93039
2000,8,08,6,1405307541.131134122,1405307545.267401663,4.136267541,484.155141
2000,8,08,7,1405307546.713832806,1405307550.599984589,3.886151783,441.496809
2000,8,08,8,1405307553.050762664,1405307556.396714538,3.345951874,398.297207
2000,32,08,2,1405309316.942801187,1405309320.756100494,3.813299307,454.199732
2000,32,08,3,1405309323.245117517,1405309326.408385442,3.163267925,371.488041
2000,32,08,4,1405309328.857937871,1405309332.621824347,3.763886476,455.706051
2000,32,08,5,1405309335.071938423,1405309338.796687768,3.724749345,453.590284
2000,32,08,6,1405309340.247036281,1405309344.372311945,4.125275664,485.939294
2000,32,08,7,1405309346.822218921,1405309350.453283443,3.631064522,429.455693
2000,32,08,8,1405309352.904733046,1405309356.376362817,3.471629771,413.71217
2000,4,08,2,1405311430.390121024,1405311435.979656739,5.589535715,629.977637
2000,4,08,3,1405311436.663015133,1405311441.969591374,5.306576241,606.082638
2000,4,08,4,1405311442.613443283,1405311448.683937266,6.070493983,683.122934
2000,4,08,5,1405311451.136587900,1405311456.588322987,5.451735087,605.394121
2000,4,08,6,1405311459.041669880,1405311463.980771421,4.939101541,555.055193
2000,4,08,7,1405311464.662346563,1405311469.350166902,4.687820339,522.248394
2000,4,08,8,1405311470.796893119,1405311476.403600678,5.606707559,620.059601
2000,2,08,2,1405314190.774307091,1405314197.833444652,7.059137561,757.172055
2000,2,08,3,1405314198.475236687,1405314206.548362541,8.073125854,883.718673
2000,2,08,4,1405314209.029523424,1405314215.532590352,6.503066928,709.862149
2000,2,08,5,1405314216.981266274,1405314224.614289104,7.633022830,837.294512
2000,2,08,6,1405314227.065901860,1405314234.182170342,7.116268482,763.949129
2000,2,08,7,1405314236.669584749,1405314245.308844699,8.639259950,927.624084
2000,2,08,8,1405314246.794803519,1405314254.228485075,7.433681556,816.284998
2000,1,08,2,1405318052.523066146,1405318065.129804388,12.606738242,1305.133446
2000,1,08,3,1405318066.579268269,1405318078.239236423,11.659968154,1194.011871
2000,1,08,4,1405318080.692258973,1405318091.860255061,11.167996088,1139.765579
2000,1,08,5,1405318092.504315029,1405318105.060636915,12.556321886,1298.401083
2000,1,08,6,1405318106.542947609,1405318120.560631686,14.017684077,1457.048575
2000,1,08,7,1405318123.022925238,1405318134.355158906,11.332233668,1167.892643
2000,1,08,8,1405318136.846543427,1405318149.333606024,12.487062597,1289.534181
2200,16,08,2,1405321840.725046848,1405321844.172200284,3.447153436,427.34748
2200,16,08,3,1405321846.617823863,1405321850.385704132,3.767880269,455.515485
2200,16,08,4,1405321852.834504046,1405321856.873720268,4.039216222,488.564481
2200,16,08,5,1405321858.317881239,1405321861.591935138,3.274053899,385.939776
2200,16,08,6,1405321862.233076800,1405321865.223600372,2.990523572,351.477533
2200,16,08,7,1405321866.667530401,1405321870.610444064,3.942913663,467.784837
2200,16,08,8,1405321873.060521672,1405321876.299276527,3.238754855,379.860995
2200,8,08,2,1405323558.616857435,1405323562.782293358,4.165435923,496.160838
2200,8,08,3,1405323564.231878092,1405323568.138295201,3.906417109,449.312308
2200,8,08,4,1405323570.589379030,1405323574.275645748,3.686266718,435.802528
2200,8,08,5,1405323576.760155669,1405323580.863246581,4.103090912,498.578657
2200,8,08,6,1405323582.309666906,1405323585.562740936,3.253074030,383.08282
2200,8,08,7,1405323586.243131699,1405323590.009083039,3.765951340,455.356551
2200,8,08,8,1405323590.650429191,1405323594.725027860,4.074598669,492.849293
2200,32,08,2,1405325258.935881270,1405325262.031757819,3.095876549,369.326779
2200,32,08,3,1405325262.674580495,1405325265.819656392,3.145075897,369.12239
2200,32,08,4,1405325266.457014473,1405325269.724629150,3.267614677,411.03413
2200,32,08,5,1405325270.366313705,1405325273.543450041,3.177136336,398.115611
2200,32,08,6,1405325274.182242317,1405325277.257532235,3.075289918,382.480965
2200,32,08,7,1405325278.710435133,1405325281.604230028,2.893794895,346.318447
2200,32,08,8,1405325282.242556765,1405325285.646517141,3.403960376,411.682429
2200,4,08,2,1405327292.544106608,1405327297.674312891,5.130206283,597.26183
2200,4,08,3,1405327298.313299828,1405327303.360355741,5.047055913,594.416424
2200,4,08,4,1405327304.804288388,1405327310.078882678,5.274594290,606.070504
2200,4,08,5,1405327312.526724203,1405327317.368515381,4.841791178,556.283935
2200,4,08,6,1405327318.813228903,1405327323.241763865,4.428534962,524.65041
2200,4,08,7,1405327324.689543579,1405327329.491195624,4.801652045,546.17109
2200,4,08,8,1405327330.933553020,1405327335.393411873,4.459858853,514.836574
2200,2,08,2,1405329902.475631005,1405329909.643503854,7.167872849,800.487718
2200,2,08,3,1405329910.290223821,1405329917.077796376,6.787572555,753.042967
2200,2,08,4,1405329918.563786307,1405329925.311541306,6.747754999,753.37021
2200,2,08,5,1405329926.765196334,1405329932.835797880,6.070601546,660.42621
2200,2,08,6,1405329934.340741292,1405329940.369372778,6.028631486,675.441962
2200,2,08,7,1405329942.872227726,1405329948.975414145,6.103186419,682.674315
2200,2,08,8,1405329950.423568720,1405329957.128023055,6.704454335,742.152343
2200,1,08,2,1405333542.879353766,1405333553.636977952,10.757624186,1141.75758
2200,1,08,3,1405333554.286365022,1405333565.754559920,11.468194898,1211.875178
2200,1,08,4,1405333566.397023766,1405333577.241016191,10.843992425,1138.15799
2200,1,08,5,1405333578.727597746,1405333590.196398849,11.468801103,1209.471911
2200,1,08,6,1405333592.658202076,1405333604.690881863,12.032679787,1277.347974
2200,1,08,7,1405333607.144260275,1405333616.506814544,9.362554269,978.57439
2200,1,08,8,1405333618.961950108,1405333627.961722077,8.999771969,945.197918
2300,16,08,2,1405336970.632622598,1405336973.599563523,2.966940925,360.386911
2300,16,08,3,1405336974.250043542,1405336977.611832659,3.361789117,396.418333
2300,16,08,4,1405336978.253438895,1405336981.144238304,2.890799409,344.582232
2300,16,08,5,1405336982.603407219,1405336986.486435354,3.883028135,473.808611
2300,16,08,6,1405336988.940949169,1405336991.868330681,2.927381512,344.885245
2300,16,08,7,1405336992.507506465,1405336995.409188665,2.901682200,336.957875
2300,16,08,8,1405336996.851243608,1405336999.823577346,2.972333738,352.952915
2300,8,08,2,1405338602.581283054,1405338606.537260201,3.955977147,475.299176
2300,8,08,3,1405338609.018250280,1405338612.379177039,3.360926759,399.4289
2300,8,08,4,1405338614.827859231,1405338618.324924250,3.497065019,412.886394
2300,8,08,5,1405338620.775450960,1405338623.859031429,3.083580469,369.679095
2300,8,08,6,1405338624.499207753,1405338628.045427927,3.546220174,433.401804
2300,8,08,7,1405338628.695725406,1405338631.935679193,3.239953787,391.847578
2300,8,08,8,1405338632.574652903,1405338635.753135409,3.178482506,377.226006
2300,32,08,2,1405340258.399030257,1405340261.443694576,3.044664319,376.203216
2300,32,08,3,1405340262.890079568,1405340265.975520369,3.085440801,384.617264
2300,32,08,4,1405340266.617226820,1405340269.616996062,2.999769242,369.252779
2300,32,08,5,1405340270.274554855,1405340273.340565785,3.066010930,387.105334
2300,32,08,6,1405340274.823883695,1405340277.694404232,2.870520537,345.38057
2300,32,08,7,1405340278.340012289,1405340281.725856435,3.385844146,433.562955
2300,32,08,8,1405340282.366304179,1405340285.573873106,3.207568927,413.58989
2300,4,08,2,1405342172.607954627,1405342177.550069348,4.942114721,583.58877
2300,4,08,3,1405342178.189154345,1405342182.487540114,4.298385769,501.862158
2300,4,08,4,1405342184.942316376,1405342189.605120561,4.662804185,543.26545
2300,4,08,5,1405342190.244701826,1405342194.880616871,4.635915045,546.48179
2300,4,08,6,1405342196.322362762,1405342200.448253497,4.125890735,487.46191
2300,4,08,7,1405342202.921691970,1405342206.936758779,4.015066809,467.24592
2300,4,08,8,1405342208.471588855,1405342212.352148180,3.880559325,452.158913
2300,2,08,2,1405344711.083382045,1405344717.559112928,6.475730883,719.710684
2300,2,08,3,1405344718.202320847,1405344724.208040778,6.005719931,679.289836
2300,2,08,4,1405344726.658757540,1405344733.403204796,6.744447256,764.817845
2300,2,08,5,1405344734.848746749,1405344741.324413623,6.475666874,733.926859
2300,2,08,6,1405344742.769604270,1405344749.569108114,6.799503844,770.671294
2300,2,08,7,1405344751.014167204,1405344759.437843979,8.423676775,935.474026
2300,2,08,8,1405344760.882571275,1405344766.856834273,5.974262998,669.60485
2300,1,08,2,1405348263.066806512,1405348274.430777301,11.363970789,1205.02336
2300,1,08,3,1405348277.096585686,1405348289.280427626,12.183841940,1319.331652
2300,1,08,4,1405348290.737811317,1405348300.629276565,9.891465248,1050.882392
2300,1,08,5,1405348303.084187736,1405348312.328137388,9.243949652,981.988982
2300,1,08,6,1405348314.790590810,1405348326.207208545,11.416617735,1231.768205
2300,1,08,7,1405348328.696204179,1405348339.135359062,10.439154883,1108.894356
2300,1,08,8,1405348340.626966168,1405348350.287434913,9.660468745,1050.41843
2400,16,08,2,1405351662.462310117,1405351665.383297555,2.920987438,346.962836
2400,16,08,3,1405351666.864702896,1405351669.720166662,2.855463766,337.41999
2400,16,08,4,1405351670.361484374,1405351673.652825469,3.291341095,390.83865
2400,16,08,5,1405351674.291682260,1405351677.254702527,2.963020267,356.781278
2400,16,08,6,1405351678.703292963,1405351682.099065307,3.395772344,413.170848
2400,16,08,7,1405351682.738491577,1405351686.200400266,3.461908689,417.988628
2400,16,08,8,1405351688.647922309,1405351692.066376569,3.418454260,447.626588
2400,8,08,2,1405353276.334389033,1405353280.272942129,3.938553096,495.74466
2400,8,08,3,1405353282.720186628,1405353286.413915229,3.693728601,463.653999
2400,8,08,4,1405353288.862592203,1405353292.943256148,4.080663945,527.208502
2400,8,08,5,1405353294.383708136,1405353298.075416425,3.691708289,472.621405
2400,8,08,6,1405353298.714260896,1405353302.100406796,3.386145900,409.075465
2400,8,08,7,1405353302.740587405,1405353306.411899198,3.671311793,453.661967
2400,8,08,8,1405353308.901083926,1405353312.150803229,3.249719303,386.79991
2400,32,08,2,1405354898.921541430,1405354901.748414181,2.826872751,353.618257
2400,32,08,3,1405354902.423961362,1405354905.262897654,2.838936292,341.006468
2400,32,08,4,1405354906.704892428,1405354910.430021749,3.725129321,477.703476
2400,32,08,5,1405354912.880180320,1405354915.735131988,2.854951668,356.088222
2400,32,08,6,1405354916.372554810,1405354919.712237857,3.339683047,427.145275
2400,32,08,7,1405354920.350259213,1405354923.188625405,2.838366192,370.339385
2400,32,08,8,1405354924.630490463,1405354927.750434359,3.119943896,397.0681
2400,4,08,2,1405356798.751370116,1405356803.776088471,5.024718355,607.129088
2400,4,08,3,1405356804.416046272,1405356809.281067947,4.865021675,615.539062
2400,4,08,4,1405356810.723433141,1405356814.708541739,3.985108598,475.85213
2400,4,08,5,1405356816.152113512,1405356820.539057414,4.386943902,512.393762
2400,4,08,6,1405356822.987164493,1405356827.532956104,4.545791611,546.151372
2400,4,08,7,1405356828.973549859,1405356833.546749206,4.573199347,567.110458
2400,4,08,8,1405356834.990569867,1405356839.103016530,4.112446663,486.464645
2400,2,08,2,1405359234.409440510,1405359240.651482658,6.242042148,697.368408
2400,2,08,3,1405359243.098835204,1405359249.190724425,6.091889221,707.575525
2400,2,08,4,1405359250.633785982,1405359257.165738546,6.531952564,750.172136
2400,2,08,5,1405359258.610419977,1405359266.303890325,7.693470348,892.637592
2400,2,08,6,1405359268.790744889,1405359274.225363310,5.434618421,627.994575
2400,2,08,7,1405359276.674396355,1405359282.751848749,6.077452394,675.243753
2400,2,08,8,1405359285.199393447,1405359291.678073869,6.478680422,746.784954
2400,1,08,2,1405362652.558144144,1405362663.170334220,10.612190076,1148.960444
2400,1,08,3,1405362664.650898717,1405362675.741994209,11.091095492,1185.575108
2400,1,08,4,1405362676.385133104,1405362686.773044005,10.387910901,1113.02298
2400,1,08,5,1405362689.220492565,1405362699.553786988,10.333294423,1111.403618
2400,1,08,6,1405362700.998637661,1405362712.235048836,11.236411175,1207.707843
2400,1,08,7,1405362714.683561734,1405362725.575722447,10.892160713,1165.923271
2400,1,08,8,1405362726.213883660,1405362736.979013892,10.765130232,1154.667867
2500,16,08,2,1405365904.218864859,1405365907.068086952,2.849222093,341.957213
2500,16,08,3,1405365908.520979239,1405365911.538543353,3.017564114,368.029718
2500,16,08,4,1405365912.215933188,1405365915.442217871,3.226284683,405.012
2500,16,08,5,1405365916.914111979,1405365920.012777149,3.098665170,377.581678
2500,16,08,6,1405365920.651166513,1405365923.478223871,2.827057358,343.466672
2500,16,08,7,1405365924.932850063,1405365927.790127882,2.857277819,343.974526
2500,16,08,8,1405365928.466272084,1405365931.450009831,2.983737747,363.674554
2500,8,08,2,1405367478.592811056,1405367482.142372593,3.549561537,436.100391
2500,8,08,3,1405367482.786641361,1405367485.855516581,3.068875220,372.071045
2500,8,08,4,1405367486.494074366,1405367490.005689904,3.511615538,445.388078
2500,8,08,5,1405367490.681288541,1405367494.570808120,3.889519579,480.952803
2500,8,08,6,1405367497.019018747,1405367500.302185874,3.283167127,436.246185
2500,8,08,7,1405367502.748678308,1405367506.582013411,3.833335103,469.341257
2500,8,08,8,1405367509.066209282,1405367512.568144150,3.501934868,449.889374
2500,32,08,2,1405369042.821259690,1405369045.484004659,2.662744969,337.1833
2500,32,08,3,1405369046.924764474,1405369050.267062481,3.342298007,423.485985
2500,32,08,4,1405369052.712830430,1405369056.075482529,3.362652099,456.311464
2500,32,08,5,1405369056.712498199,1405369059.617148715,2.904650516,369.032094
2500,32,08,6,1405369061.060676429,1405369063.889691032,2.829014603,353.05274
2500,32,08,7,1405369064.568350741,1405369067.743389183,3.175038442,412.014208
2500,32,08,8,1405369068.378570770,1405369071.306136116,2.927565346,412.75918
2500,4,08,2,1405370890.514437367,1405370894.820658654,4.306221287,513.162259
2500,4,08,3,1405370897.266550606,1405370901.492420733,4.225870127,512.401391
2500,4,08,4,1405370902.973408943,1405370907.512683162,4.539274219,548.288504
2500,4,08,5,1405370908.955145705,1405370913.316376876,4.361231171,526.72514
2500,4,08,6,1405370914.758008340,1405370919.820404786,5.062396446,630.98358
2500,4,08,7,1405370920.496982605,1405370924.781157827,4.284175222,508.196411
2500,4,08,8,1405370927.227781421,1405370932.030001494,4.802220073,577.813344
2500,2,08,2,1405373276.645122069,1405373282.189882980,5.544760911,660.127221
2500,2,08,3,1405373284.636722214,1405373290.596647554,5.959925340,690.201456
2500,2,08,4,1405373293.042525141,1405373299.442026043,6.399500902,747.790518
2500,2,08,5,1405373300.883593771,1405373306.775004412,5.891410641,670.620911
2500,2,08,6,1405373308.235653310,1405373315.246674516,7.011021206,826.637106
2500,2,08,7,1405373316.698958029,1405373322.670486917,5.971528888,685.63472
2500,2,08,8,1405373325.125597761,1405373330.163666913,5.038069152,585.409004
2500,1,08,2,1405376550.783389142,1405376559.716819688,8.933430546,956.919296
2500,1,08,3,1405376560.356813906,1405376570.104298798,9.747484892,1051.318129
2500,1,08,4,1405376570.744932804,1405376579.395089673,8.650156869,925.322683
2500,1,08,5,1405376580.836979049,1405376589.542691764,8.705712715,931.741219
2500,1,08,6,1405376590.984465604,1405376599.074058078,8.089592474,863.776301
2500,1,08,7,1405376600.517964837,1405376608.676496176,8.158531339,870.227496
2500,1,08,8,1405376611.127113107,1405376619.556091612,8.428978505,899.033324
2700,16,08,2,1405379720.747811935,1405379723.863005516,3.115193581,398.53736
2700,16,08,3,1405379724.499391467,1405379727.309132289,2.809740822,373.06671
2700,16,08,4,1405379728.752341488,1405379731.780762612,3.028421124,385.692385
2700,16,08,5,1405379732.415255562,1405379734.969605517,2.554349955,316.770811
2700,16,08,6,1405379736.414996823,1405379739.042067961,2.627071138,332.836763
2700,16,08,7,1405379740.482153672,1405379743.121376825,2.639223153,338.10794
2700,16,08,8,1405379744.563584882,1405379747.426015991,2.862431109,389.058958
2700,8,08,2,1405381242.388503917,1405381245.620778352,3.232274435,422.244682
2700,8,08,3,1405381246.258079419,1405381249.265957415,3.007877996,386.64883
2700,8,08,4,1405381250.704934896,1405381253.546224944,2.841290048,361.5708
2700,8,08,5,1405381254.984579475,1405381257.688084038,2.703504563,337.309278
2700,8,08,6,1405381258.322008428,1405381261.795464083,3.473455655,458.47017
2700,8,08,7,1405381262.430287801,1405381265.491815676,3.061527875,391.15972
2700,8,08,8,1405381266.929647363,1405381269.782106987,2.852459624,357.509029
2700,32,08,2,1405382720.358794310,1405382723.053685635,2.694891325,346.56072
2700,32,08,3,1405382724.494981148,1405382727.187360354,2.692379206,366.475424
2700,32,08,4,1405382728.627330165,1405382731.455845039,2.828514874,376.939853
2700,32,08,5,1405382732.896854307,1405382735.829242278,2.932387971,423.926688
2700,32,08,6,1405382736.462351999,1405382739.338340922,2.875988923,416.89191
2700,32,08,7,1405382740.776977611,1405382743.580666763,2.803689152,382.63502
2700,32,08,8,1405382745.017661454,1405382747.723564316,2.705902862,379.612423
2700,4,08,2,1405384479.024972847,1405384483.532795703,4.507822856,562.605717
2700,4,08,3,1405384484.972001547,1405384489.930970515,4.958968968,651.556083
2700,4,08,4,1405384490.568239426,1405384495.113008909,4.544769483,581.188878
2700,4,08,5,1405384496.555822561,1405384500.435098718,3.879276157,479.987306
2700,4,08,6,1405384502.879026851,1405384506.475846119,3.596819268,440.94142
2700,4,08,7,1405384508.921058319,1405384512.230217382,3.309159063,404.771347
2700,4,08,8,1405384514.711418860,1405384518.527259214,3.815840354,489.440925
2700,2,08,2,1405386710.761527365,1405386717.129744297,6.368216932,744.171616
2700,2,08,3,1405386718.573984715,1405386724.568610283,5.994625568,715.179923
2700,2,08,4,1405386727.014532894,1405386732.761643610,5.747110716,688.070405
2700,2,08,5,1405386734.241834040,1405386740.143061933,5.901227893,706.667468
2700,2,08,6,1405386742.586616735,1405386748.781960446,6.195343711,727.764425
2700,2,08,7,1405386750.222084910,1405386756.434281694,6.212196784,755.688815
2700,2,08,8,1405386758.878695148,1405386765.283764939,6.405069791,761.719325
2700,1,08,2,1405389824.461538510,1405389832.983265825,8.521727315,938.0316
2700,1,08,3,1405389834.427158330,1405389842.755158356,8.328000026,915.650866
2700,1,08,4,1405389844.194200606,1405389852.190369812,7.996169206,881.826932
2700,1,08,5,1405389854.636852665,1405389862.362456272,7.725603607,848.847291
2700,1,08,6,1405389864.845377683,1405389872.537632622,7.692254939,843.513467
2700,1,08,7,1405389874.981480569,1405389882.709135517,7.727654948,848.085517
2700,1,08,8,1405389885.152833937,1405389892.875063222,7.722229285,846.588898
2800,16,08,2,1405392812.459931872,1405392815.124694878,2.664763006,339.673358
2800,16,08,3,1405392816.562363044,1405392819.057162329,2.494799285,321.637645
2800,16,08,4,1405392820.531719383,1405392823.208630295,2.676910912,367.900312
2800,16,08,5,1405392824.648432465,1405392827.068329784,2.419897319,303.929222
2800,16,08,6,1405392828.509941913,1405392831.954357364,3.444415451,441.049516
2800,16,08,7,1405392832.589364963,1405392834.995559983,2.406195020,304.213521
2800,16,08,8,1405392836.472299657,1405392839.106135828,2.633836171,341.121377
2800,8,08,2,1405394314.507843898,1405394317.511059963,3.003216065,393.31706
2800,8,08,3,1405394318.950381301,1405394321.636857621,2.686476320,343.468315
2800,8,08,4,1405394322.271367007,1405394325.469963540,3.198596533,420.70774
2800,8,08,5,1405394326.908319839,1405394329.639947761,2.731627922,351.298578
2800,8,08,6,1405394331.116978533,1405394334.093078940,2.976100407,401.443347
2800,8,08,7,1405394334.728720729,1405394337.672109176,2.943388447,381.667473
2800,8,08,8,1405394338.305606424,1405394341.404468077,3.098861653,404.129984
2800,32,08,2,1405395788.350305916,1405395791.050182640,2.699876724,386.01289
2800,32,08,3,1405395792.525007709,1405395795.164842846,2.639835137,345.781783
2800,32,08,4,1405395796.603009840,1405395799.275276080,2.672266240,380.753324
2800,32,08,5,1405395800.755050739,1405395803.439344514,2.684293775,401.06292
2800,32,08,6,1405395804.912302863,1405395807.641993328,2.729690465,390.178
2800,32,08,7,1405395808.274811873,1405395811.153539599,2.878727726,422.895973
2800,32,08,8,1405395812.591797675,1405395814.956535379,2.364737704,308.747102
2800,4,08,2,1405397539.186494176,1405397543.183010911,3.996516735,501.878572
2800,4,08,3,1405397544.660876269,1405397548.448303356,3.787427087,472.375632
2800,4,08,4,1405397550.892899159,1405397554.568412295,3.675513136,460.793691
2800,4,08,5,1405397557.013847749,1405397561.085166498,4.071318749,509.91299
2800,4,08,6,1405397562.525237028,1405397566.389488808,3.864251780,488.738161
2800,4,08,7,1405397568.833774501,1405397573.171342675,4.337568174,543.946867
2800,4,08,8,1405397574.612256728,1405397578.562676247,3.950419519,516.53266
2800,2,08,2,1405399732.511620005,1405399738.352479858,5.840859853,714.194587
2800,2,08,3,1405399740.797507970,1405399746.128299800,5.330791830,670.1385
2800,2,08,4,1405399748.574350423,1405399754.071720451,5.497370028,690.376977
2800,2,08,5,1405399754.707269993,1405399759.761745670,5.054475677,629.9671
2800,2,08,6,1405399760.396843999,1405399765.534042988,5.137198989,627.430364
2800,2,08,7,1405399766.972916060,1405399772.261716598,5.288800538,646.03524
2800,2,08,8,1405399774.706339437,1405399779.842793788,5.136454351,633.141153
2800,1,08,2,1405402706.936789731,1405402717.320255656,10.383465925,1160.113261
2800,1,08,3,1405402718.761455290,1405402728.307241232,9.545785942,1069.219898
2800,1,08,4,1405402730.751570754,1405402740.332874114,9.581303360,1070.319647
2800,1,08,5,1405402742.780268967,1405402751.144841883,8.364572916,931.842328
2800,1,08,6,1405402752.583865542,1405402760.764963014,8.181097472,912.334453
2800,1,08,7,1405402763.244531696,1405402770.859492970,7.614961274,851.24255
2800,1,08,8,1405402772.298045081,1405402781.300108572,9.002063491,1003.011693
2900,16,08,2,1405405635.012137573,1405405637.622003319,2.609865746,344.48109
2900,16,08,3,1405405639.078426127,1405405641.979099072,2.900672945,394.73009
2900,16,08,4,1405405642.616110928,1405405645.169800749,2.553689821,343.267415
2900,16,08,5,1405405646.606751429,1405405649.343666845,2.736915416,355.860516
2900,16,08,6,1405405650.781892243,1405405653.855512869,3.073620626,429.97302
2900,16,08,7,1405405654.490046792,1405405657.282557438,2.792510646,389.55639
2900,16,08,8,1405405658.718738633,1405405661.194155887,2.475417254,320.325
2900,8,08,2,1405407168.889298762,1405407171.505006329,2.615707567,347.367648
2900,8,08,3,1405407172.999493599,1405407176.149292559,3.149798960,423.82371
2900,8,08,4,1405407178.589907267,1405407181.134944526,2.545037259,335.67468
2900,8,08,5,1405407182.571705145,1405407185.690590879,3.118885734,415.918666
2900,8,08,6,1405407186.324491732,1405407189.062127588,2.737635856,362.61006
2900,8,08,7,1405407190.502512679,1405407193.078413882,2.575901203,350.928927
2900,8,08,8,1405407194.516723785,1405407197.998942939,3.482219154,511.72435
2900,32,08,2,1405408618.679625673,1405408621.436505628,2.756879955,382.887727
2900,32,08,3,1405408622.873099640,1405408625.272433666,2.399334026,350.30596
2900,32,08,4,1405408626.710192298,1405408629.482137957,2.771945659,390.18052
2900,32,08,5,1405408630.920276314,1405408633.338001904,2.417725590,357.24758
2900,32,08,6,1405408634.774207493,1405408637.728198397,2.953990904,422.15103
2900,32,08,7,1405408638.362531463,1405408640.797772337,2.435240874,345.26115
2900,32,08,8,1405408642.235720588,1405408644.957167895,2.721447307,390.94372
2900,4,08,2,1405410382.457975227,1405410386.258775342,3.800800115,488.252465
2900,4,08,3,1405410388.704008044,1405410392.535950799,3.831942755,501.808836
2900,4,08,4,1405410394.981210066,1405410398.942292299,3.961082233,513.478763
2900,4,08,5,1405410400.382014944,1405410403.682208969,3.300194025,426.946675
2900,4,08,6,1405410404.319862566,1405410408.706817388,4.386954822,555.794324
2900,4,08,7,1405410411.151609598,1405410414.864413977,3.712804379,477.02256
2900,4,08,8,1405410416.304491238,1405410419.576829539,3.272338301,416.80551
2900,2,08,2,1405412536.793007302,1405412542.505203762,5.712196460,680.61471
2900,2,08,3,1405412544.984046837,1405412550.094088783,5.110041946,643.26592
2900,2,08,4,1405412552.535807141,1405412558.141640931,5.605833790,702.146917
2900,2,08,5,1405412560.583988442,1405412565.755500160,5.171511718,656.29682
2900,2,08,6,1405412566.399241194,1405412572.416834014,6.017592820,749.33182
2900,2,08,7,1405412574.864156171,1405412580.240915833,5.376759662,664.635915
2900,2,08,8,1405412582.685301836,1405412588.655227704,5.969925868,711.484894
2900,1,08,2,1405415510.373780718,1405415519.312979983,8.939199265,1009.032801
2900,1,08,3,1405415520.805126797,1405415530.475383658,9.670256861,1094.40866
2900,1,08,4,1405415532.916777564,1405415542.543594470,9.626816906,1087.957173
2900,1,08,5,1405415544.988177908,1405415553.062242846,8.074064938,910.062887
2900,1,08,6,1405415554.502056115,1405415564.135981121,9.633925006,1088.048628
2900,1,08,7,1405415566.586678287,1405415574.740949646,8.154271359,918.706524
2900,1,08,8,1405415577.197397675,1405415585.259838273,8.062440598,922.208014
2901,16,08,2,1405418316.513191799,1405418318.679730982,2.166539183,336.06155
2901,16,08,3,1405418321.119691519,1405418323.250445124,2.130753605,324.027055
2901,16,08,4,1405418324.723294812,1405418326.716460088,1.993165276,317.570608
2901,16,08,5,1405418329.161703429,1405418331.414776949,2.253073520,367.69099
2901,16,08,6,1405418332.850266606,1405418335.183008609,2.332742003,374.236396
2901,16,08,7,1405418336.617278559,1405418338.613014406,1.995735847,305.217007
2901,16,08,8,1405418341.072015883,1405418343.128885361,2.056869478,313.976405
2901,8,08,2,1405419648.395407489,1405419650.815976249,2.420568760,397.73122
2901,8,08,3,1405419652.251409483,1405419654.608811885,2.357402402,378.769029
2901,8,08,4,1405419657.050004017,1405419659.353087259,2.303083242,413.84379
2901,8,08,5,1405419660.788410295,1405419663.382480644,2.594070349,417.067396
2901,8,08,6,1405419664.829177671,1405419666.998779850,2.169602179,389.851884
2901,8,08,7,1405419668.476805512,1405419670.856633972,2.379828460,374.861112
2901,8,08,8,1405419672.293909681,1405419674.574983226,2.281073545,363.159517
2901,32,08,2,1405420911.211542661,1405420913.515411703,2.303869042,420.998661
2901,32,08,3,1405420914.951848753,1405420917.107256026,2.155407273,353.686264
2901,32,08,4,1405420918.582532107,1405420920.818756023,2.236223916,422.49079
2901,32,08,5,1405420923.258312999,1405420925.380303006,2.121990007,386.15543
2901,32,08,6,1405420926.814889113,1405420928.649269321,1.834380208,292.41837
2901,32,08,7,1405420931.126615591,1405420933.198146845,2.071531254,366.816278
2901,32,08,8,1405420934.631635504,1405420936.737133914,2.105498410,395.99816
2901,4,08,2,1405422450.526520835,1405422453.214952499,2.688431664,428.255378
2901,4,08,3,1405422454.649998335,1405422458.513419751,3.863421416,612.211655
2901,4,08,4,1405422460.953149310,1405422463.896712860,2.943563550,468.984394
2901,4,08,5,1405422464.529034483,1405422467.342411526,2.813377043,445.73874
2901,4,08,6,1405422468.775809809,1405422471.286505134,2.510695325,395.59981
2901,4,08,7,1405422472.737664676,1405422475.860883496,3.123218820,494.384152
2901,4,08,8,1405422476.505181106,1405422479.492021124,2.986840018,467.995856
2901,2,08,2,1405424230.287781646,1405424234.309266523,4.021484877,635.534757
2901,2,08,3,1405424236.796559413,1405424241.272982849,4.476423436,638.865082
2901,2,08,4,1405424242.709458076,1405424247.769935056,5.060476980,725.17039
2901,2,08,5,1405424248.401119973,1405424253.800731186,5.399611213,907.907692
2901,2,08,6,1405424254.433010462,1405424258.406527799,3.973517337,615.066562
2901,2,08,7,1405424260.891516368,1405424265.198588977,4.307072609,682.320084
2901,2,08,8,1405424266.635156821,1405424270.396996215,3.761839394,594.348924
2901,1,08,2,1405426652.728689985,1405426659.239337327,6.510647342,884.697282
2901,1,08,3,1405426660.677293924,1405426668.368775923,7.691481999,1043.76963
2901,1,08,4,1405426670.810940051,1405426677.507137729,6.696197678,906.54878
2901,1,08,5,1405426678.999557462,1405426686.725113377,7.725555915,1047.229482
2901,1,08,6,1405426688.161411643,1405426696.971914935,8.810503292,1200.571692
2901,1,08,7,1405426698.456294946,1405426704.632972971,6.176678025,832.973672
2901,1,08,8,1405426707.112128189,1405426713.449870830,6.337742641,861.367948
