FR,EN,Name,TR,DC,TIM
1200.0,4212.42,encrypt,1,2233.75,46587.8
1200.0,4382.89,encrypt,1,2230.01,46572.4
1200.0,4385.54,encrypt,1,2289.3,46572.3
1200.0,4380.91,encrypt,1,2307.61,46571.5
1200.0,4389.67,encrypt,1,2325.99,46571
1200.0,4377.13,encrypt,1,2204.43,47884
1200.0,4329.25,encrypt,1,2210.46,46395.5
1200.0,4331.1,encrypt,1,2253.77,46395.5
1200.0,4327.93,encrypt,1,2270.87,46394.6
1300.0,4030.25,encrypt,1,2114.41,42831.6
1300.0,4025.7,encrypt,1,2135.2,42831.4
1300.0,4026.18,encrypt,1,2047.91,42832.1
1300.0,3937.52,encrypt,1,2137.34,42831.7
1300.0,3884.48,encrypt,1,2089.36,42831.9
1300.0,3989.12,encrypt,1,2051.88,42830.5
1300.0,4028.18,encrypt,1,2108.3,42838.5
1300.0,4011.77,encrypt,1,2122.26,42837.6
1300.0,3950.78,encrypt,1,2042.46,42840.8
1400.0,3770.58,encrypt,1,1997.95,39805.1
1400.0,3767.94,encrypt,1,2009.75,39806.4
1400.0,3743.88,encrypt,1,1998.19,39804.8
1400.0,3770.81,encrypt,1,1961.47,39806.4
1400.0,3775.31,encrypt,1,1925.57,39811.6
1400.0,3770,encrypt,1,1989,39812.2
1400.0,3614.2,encrypt,1,1941.97,39811.5
1400.0,3771.27,encrypt,1,2012.13,39812.4
1400.0,3770.03,encrypt,1,1964.18,39812.2
1600.0,3215.83,encrypt,1,1855.81,35006.7
1600.0,3404.35,encrypt,1,1780.13,35008.8
1600.0,3399.98,encrypt,1,1780.71,35008.3
1600.0,3319.73,encrypt,1,1815.26,35009.1
1600.0,3409.96,encrypt,1,1787.09,36090.9
1600.0,3323.18,encrypt,1,1796.18,34843.3
1600.0,3305.73,encrypt,1,1813.42,34843.2
1600.0,3306.05,encrypt,1,1743.01,34843.1
1600.0,3353.15,encrypt,1,1746.47,34843.4
1700.0,3181.92,encrypt,1,1715.67,32762.1
1700.0,3168.62,encrypt,1,1669.66,32762.5
1700.0,3179.97,encrypt,1,1692.69,32762.6
1700.0,3116.22,encrypt,1,1686.25,32762.7
1700.0,3048.23,encrypt,1,1734.66,32767.2
1700.0,3177.29,encrypt,1,1722.41,32766.7
1700.0,3004.26,encrypt,1,1683.44,32767.5
1700.0,3177.27,encrypt,1,1733.84,32768.2
1700.0,3053.59,encrypt,1,1664.12,32767.7
1800.0,3027.64,encrypt,1,1648.02,30945.8
1800.0,3025.35,encrypt,1,1658.04,30945.8
1800.0,2900.71,encrypt,1,1622.3,30946
1800.0,2891.86,encrypt,1,1587.23,30945.4
1800.0,3025.31,encrypt,1,1643.77,30945.9
1800.0,3023.99,encrypt,1,1661.77,30949.4
1800.0,3029.11,encrypt,1,1579.25,30949.7
1800.0,3027.91,encrypt,1,1592.39,30950.1
1800.0,3029.82,encrypt,1,1594.59,30950.2
1900.0,2892.07,encrypt,1,1525.92,29312.6
1900.0,2897.16,encrypt,1,1574.37,29311.9
1900.0,2761.86,encrypt,1,1597.13,29318.2
1900.0,2897.15,encrypt,1,1603.47,29318.1
1900.0,2829.72,encrypt,1,1566.86,29317.8
1900.0,2762.12,encrypt,1,1535.17,29313.9
1900.0,2897.31,encrypt,1,1604.13,29317.8
1900.0,2815.45,encrypt,1,1557.98,29318.5
1900.0,2898.65,encrypt,1,1537.87,29317.7
2000.0,2652.28,encrypt,1,1570.69,27866
2000.0,2804.22,encrypt,1,1519.77,27866.2
2000.0,2726.02,encrypt,1,1471.16,27870.8
2000.0,2804.31,encrypt,1,1475.55,27865.9
2000.0,2804.56,encrypt,1,1514.91,27871
2000.0,2750.19,encrypt,1,1505.76,27871.1
2000.0,2802.35,encrypt,1,1494,27870.3
2000.0,2784.64,encrypt,1,1500.39,27871.3
2000.0,2806.69,encrypt,1,1559.28,27870.6
2200.0,2609.64,encrypt,1,1445.3,25398.4
2200.0,2443.31,encrypt,1,1439.28,25393.3
2200.0,2603.81,encrypt,1,1464.01,25393.5
2200.0,2443.84,encrypt,1,1382.17,25395.3
2200.0,2608.14,encrypt,1,1451.69,25400.1
2200.0,2607.1,encrypt,1,1389.8,25395.8
2200.0,2460.15,encrypt,1,1397.55,25400.2
2200.0,2604.36,encrypt,1,1464,25400.3
2200.0,2506.05,encrypt,1,1476.04,25399.9
2300.0,2512.52,encrypt,1,1437.26,24229.8
2300.0,2506.82,encrypt,1,1433.59,24229.8
2300.0,2385.69,encrypt,1,1364.16,24230.4
2300.0,2369.66,encrypt,1,1419.15,24229.6
2300.0,2334.81,encrypt,1,1435.03,24235.3
2300.0,2441.22,encrypt,1,1463.14,24235.7
2300.0,2446.69,encrypt,1,1419.45,24233.3
2300.0,2509.99,encrypt,1,1403.4,24232.9
2300.0,2509.91,encrypt,1,1435.39,24235.7
2400.0,2432.66,encrypt,1,1389.89,23220.9
2400.0,2316.91,encrypt,1,1289.75,23220.7
2400.0,2375.15,encrypt,1,1330.61,23220.3
2400.0,2427.88,encrypt,1,1394.24,23220.1
2400.0,2319.1,encrypt,1,1278.5,23220.6
2400.0,2430.77,encrypt,1,1403.49,23220.8
2400.0,2425.14,encrypt,1,1400.52,23226.6
2400.0,2430.76,encrypt,1,1351.16,23225.9
2400.0,2429.25,encrypt,1,1350.12,23222.7
2500.0,2363.79,encrypt,1,1322.6,22322.9
2500.0,2371.47,encrypt,1,1325.6,22324.5
2500.0,2265.83,encrypt,1,1341.97,22324.4
2500.0,2367.14,encrypt,1,1308.26,22324.2
2500.0,2231.34,encrypt,1,1376,22323.4
2500.0,2306.95,encrypt,1,1340.27,22324
2500.0,2341.24,encrypt,1,1301.97,22326.9
2500.0,2359.94,encrypt,1,1356.17,22323.7
2500.0,2309.52,encrypt,1,1376.17,22326.6
2700.0,2216.18,encrypt,1,1321.88,20663.6
2700.0,2215.66,encrypt,1,1308.31,20661.8
2700.0,2234.02,encrypt,1,1318.92,20662.4
2700.0,2059.52,encrypt,1,1232.26,20662.1
2700.0,2235.95,encrypt,1,1252.12,20662.5
2700.0,2135.66,encrypt,1,1177.28,20662.1
2700.0,2138.63,encrypt,1,1193.01,20661.9
2700.0,2240.73,encrypt,1,1299.51,20662.8
2700.0,2211.16,encrypt,1,1302.85,20666
2800.0,2035.4,encrypt,1,1295.68,19920.2
2800.0,2179.74,encrypt,1,1296.44,19920.2
2800.0,2187.66,encrypt,1,1275.6,19923.1
2800.0,2183.13,encrypt,1,1297.72,19921.4
2800.0,2181.99,encrypt,1,1200.2,19920.5
2800.0,2179.55,encrypt,1,1216.77,19924.2
2800.0,2160.22,encrypt,1,1291.78,19921
2800.0,2182.37,encrypt,1,1211.79,19924.3
2800.0,2183.7,encrypt,1,1281.29,19923.8
2900.0,2137.19,encrypt,1,1195.5,19252.4
2900.0,2104.38,encrypt,1,1243.88,19251.8
2900.0,2010.44,encrypt,1,1165.8,19252
2900.0,2142.83,encrypt,1,1280.36,19252.4
2900.0,2130.28,encrypt,1,1142.77,19259.5
2900.0,2136.07,encrypt,1,1270.42,19252.5
2900.0,2082.01,encrypt,1,1239.6,19256.9
2900.0,2129.87,encrypt,1,1158.83,19254.9
2900.0,1977.42,encrypt,1,1239.63,19253.8
2901.0,1849.33,encrypt,1,1221.38,14708.9
2901.0,1970.45,encrypt,1,1307.24,14708.4
2901.0,1787.93,encrypt,1,1265.18,14708.7
2901.0,1824.23,encrypt,1,1308.52,14695.9
2901.0,1972.29,encrypt,1,1308.4,14699.7
2901.0,1989.7,encrypt,1,1244.29,14755.5
2901.0,1977.26,encrypt,1,1250.08,14695.6
2901.0,1977,encrypt,1,1200.29,14699.9
2901.0,1977.4,encrypt,1,1152.05,14696.5
1200.0,4723.42,encrypt,2,2661.05,46442.1
1200.0,4659.94,encrypt,2,2616.61,46435
1200.0,4587.84,encrypt,2,2525.25,46503.1
1200.0,4535.08,encrypt,2,2430.85,46611.9
1200.0,4531.85,encrypt,2,2453.59,46607.6
1200.0,4507.71,encrypt,2,2422.43,46516.2
1200.0,4475.2,encrypt,2,2379.49,46614.5
1200.0,4356.8,encrypt,2,2377.95,46608.9
1200.0,4524.16,encrypt,2,2492.47,46609
1200.0,2260.69,encrypt,4,1288.31,23256.5
1200.0,2409.39,encrypt,4,1313.5,23832.8
1200.0,2365.58,encrypt,4,1328.48,23323.3
1200.0,2279.13,encrypt,4,1318.72,23233.4
1200.0,2345.57,encrypt,4,1317.53,23210.5
1200.0,2223.97,encrypt,4,1313.63,23212.4
1200.0,2356.06,encrypt,4,1243.95,23210.8
1200.0,2355.77,encrypt,4,1261.34,23209.8
1200.0,2357.53,encrypt,4,1247.45,23209.3
1200.0,1280.09,encrypt,8,736.246,12079.3
1200.0,1648.99,encrypt,8,923.261,15848.6
1200.0,1204.6,encrypt,8,699.54,11954.2
1200.0,1183.78,encrypt,8,675.903,11614.5
1200.0,1859.85,encrypt,8,1119.02,15518.8
1200.0,2170.4,encrypt,8,1358.17,18925.3
1200.0,1817.14,encrypt,8,981.266,14637.4
1200.0,1981.97,encrypt,8,1177.77,16843.4
1200.0,1174.26,encrypt,8,613.583,10725.8
1200.0,589.271,encrypt,16,408.236,5826.56
1200.0,672.975,encrypt,16,384.472,5566.35
1200.0,656.169,encrypt,16,343.183,5401.2
1200.0,507.136,encrypt,16,274.405,5400.09
1200.0,561.554,encrypt,16,405.086,5511.53
1200.0,659.329,encrypt,16,417.374,5422.7
1200.0,564.67,encrypt,16,363.136,5388.82
1200.0,503.382,encrypt,16,416.639,5390.77
1200.0,655.363,encrypt,16,281.305,5380.74
1200.0,648.779,encrypt,32,367.547,5343.08
1200.0,639.867,encrypt,32,362.167,5271.4
1200.0,514.693,encrypt,32,247.217,3971.67
1200.0,405.257,encrypt,32,209.086,3907.68
1200.0,469.761,encrypt,32,245.522,3482.32
1200.0,485.589,encrypt,32,237.579,3652.2
1200.0,446.864,encrypt,32,284.133,4413.81
1200.0,606.781,encrypt,32,264.942,4868.45
1200.0,581.832,encrypt,32,375.425,4624.3
1300.0,4152.21,encrypt,2,2324.34,43024.8
1300.0,4258.09,encrypt,2,2299.88,43086.5
1300.0,4167.94,encrypt,2,2304.16,43125
1300.0,4262.78,encrypt,2,2280.29,43110
1300.0,4108.12,encrypt,2,2298.42,43168.5
1300.0,4188.28,encrypt,2,2261.18,43169.7
1300.0,4232.19,encrypt,2,2336.72,43180.5
1300.0,4134.16,encrypt,2,2317.37,43108.2
1300.0,4261.45,encrypt,2,2345.21,43106.4
1300.0,2166.37,encrypt,4,1234.64,21481.2
1300.0,2183.29,encrypt,4,1207.94,21480.9
1300.0,2174.08,encrypt,4,1180.66,21481.4
1300.0,2182.36,encrypt,4,1229.73,21482.8
1300.0,2183,encrypt,4,1182.44,21484.3
1300.0,2186.39,encrypt,4,1209.1,21481.4
1300.0,2185.08,encrypt,4,1230.11,21484.9
1300.0,2184.95,encrypt,4,1195.13,21484
1300.0,2185.05,encrypt,4,1200.3,21485.9
1300.0,1193.9,encrypt,8,645.307,10949.7
1300.0,998.292,encrypt,8,701.254,10755.9
1300.0,1170.97,encrypt,8,696.714,10725.4
1300.0,1195.98,encrypt,8,714.992,10907.6
1300.0,1171.52,encrypt,8,681.865,10722.5
1300.0,1055.27,encrypt,8,685.605,10730.7
1300.0,1506.49,encrypt,8,894.78,13174.7
1300.0,1615.69,encrypt,8,1037.38,13267.3
1300.0,1641.66,encrypt,8,1067.99,12917.7
1300.0,628.024,encrypt,16,296.402,5016.69
1300.0,622.856,encrypt,16,359.228,4981.86
1300.0,525.784,encrypt,16,218.093,4981.76
1300.0,399.5,encrypt,16,101.138,4981.81
1300.0,629.706,encrypt,16,278.234,5019.07
1300.0,647.739,encrypt,16,344.931,5148.54
1300.0,530.28,encrypt,16,343.933,5119.51
1300.0,641.684,encrypt,16,311.934,5183.83
1300.0,525.891,encrypt,16,343.22,4981.29
1300.0,499.291,encrypt,32,316.561,3737.16
1300.0,515.285,encrypt,32,341.621,3878.82
1300.0,622.223,encrypt,32,396.375,4954.2
1300.0,510.904,encrypt,32,286.421,3827.77
1300.0,360.941,encrypt,32,215.11,3707.84
1300.0,507.253,encrypt,32,268.254,3782.06
1300.0,500.317,encrypt,32,336.272,3730.1
1300.0,497.346,encrypt,32,300.052,3671.2
1300.0,479.716,encrypt,32,326.099,3614.39
1400.0,4162.75,encrypt,2,2406.03,39787.8
1400.0,3948,encrypt,2,2222.77,39860.1
1400.0,3835.98,encrypt,2,2253.01,39926.8
1400.0,4003.01,encrypt,2,2209.22,39946.2
1400.0,3999.53,encrypt,2,2161.54,39945
1400.0,4025.99,encrypt,2,2246.82,39867.9
1400.0,3932.38,encrypt,2,2194.43,39939.1
1400.0,4037.59,encrypt,2,2268.95,39940.4
1400.0,3821.18,encrypt,2,2141.79,39942.9
1400.0,2076.36,encrypt,4,1187.44,19979
1400.0,2068.32,encrypt,4,1183.2,19986
1400.0,2069.91,encrypt,4,1163.84,19978.3
1400.0,2072.85,encrypt,4,1183.21,19987.3
1400.0,2030.6,encrypt,4,1115.67,19977.4
1400.0,2071.43,encrypt,4,1173.51,19981.6
1400.0,2030.14,encrypt,4,1169.48,19981.4
1400.0,2070.1,encrypt,4,1189.35,19988.2
1400.0,2069.84,encrypt,4,1170.53,19978.6
1400.0,1097.37,encrypt,8,675.948,10034.4
1400.0,1142.59,encrypt,8,670.895,10281.1
1400.0,1161.52,encrypt,8,699.48,10378.4
1400.0,929.004,encrypt,8,576.101,10126.8
1400.0,1028.37,encrypt,8,607.316,10182.4
1400.0,1130.68,encrypt,8,634.104,10086.5
1400.0,858.062,encrypt,8,633.222,9967.32
1400.0,1366.5,encrypt,8,907.351,11040.2
1400.0,1347.37,encrypt,8,930.758,11418.3
1400.0,701.74,encrypt,16,455.006,6418.99
1400.0,451.257,encrypt,16,285.695,4372.15
1400.0,599.392,encrypt,16,309.03,4551.32
1400.0,469.77,encrypt,16,337.605,4556.79
1400.0,396.934,encrypt,16,241.772,4428.19
1400.0,597.931,encrypt,16,393.558,4528.8
1400.0,686.652,encrypt,16,344.094,5502.09
1400.0,715.617,encrypt,16,545.6,7533.82
1400.0,595.168,encrypt,16,273.609,4498.38
1400.0,573.563,encrypt,32,377.862,4339.45
1400.0,532.07,encrypt,32,353.21,3909.05
1400.0,300.69,encrypt,32,318.045,3791.62
1400.0,483.157,encrypt,32,215.269,3371.12
1400.0,564.526,encrypt,32,291.858,4272.03
1400.0,539.89,encrypt,32,304.476,4147.16
1400.0,518.285,encrypt,32,316.603,3666.3
1400.0,341.615,encrypt,32,273.969,3443.13
1400.0,469.066,encrypt,32,268.711,3229.01
1600.0,3686.36,encrypt,2,2212.79,34831
1600.0,3695.57,encrypt,2,2207.33,34822.4
1600.0,3616.26,encrypt,2,2041.51,34964.9
1600.0,3641.15,encrypt,2,2062.9,34904.1
1600.0,3570.79,encrypt,2,1989.8,36012.2
1600.0,3620.64,encrypt,2,2059.41,35130.9
1600.0,3536.8,encrypt,2,1983.4,34825.7
1600.0,3541.47,encrypt,2,1997.27,35956.4
1600.0,3622.72,encrypt,2,2041.35,34956.1
1600.0,1925.53,encrypt,4,1135.83,17562.9
1600.0,1892.51,encrypt,4,1034.39,17456.6
1600.0,1900.23,encrypt,4,1050.24,17582.4
1600.0,1887.75,encrypt,4,1116.32,17542.1
1600.0,1888.89,encrypt,4,1086.42,17907.8
1600.0,1908.12,encrypt,4,1112.3,17452.9
1600.0,1759.21,encrypt,4,1090.19,17458.4
1600.0,1905.66,encrypt,4,1072.57,17649.4
1600.0,1888.31,encrypt,4,1054.11,17462.3
1600.0,1022.91,encrypt,8,489.495,8718.27
1600.0,1034.48,encrypt,8,584.936,8870.99
1600.0,1019.74,encrypt,8,564.066,8712.7
1600.0,1037.14,encrypt,8,530.395,8870.95
1600.0,1028.56,encrypt,8,624.975,8806.88
1600.0,1255.74,encrypt,8,832.149,9586.65
1600.0,1455.85,encrypt,8,938.855,10859.8
1600.0,1290.63,encrypt,8,801.48,8988.03
1600.0,1456.94,encrypt,8,831.23,10322.3
1600.0,758.825,encrypt,16,494.135,5985.75
1600.0,654.864,encrypt,16,275.796,4999.28
1600.0,572.054,encrypt,16,381.772,4171.14
1600.0,572.531,encrypt,16,384.22,4189.57
1600.0,586.636,encrypt,16,338.388,4347.41
1600.0,586.689,encrypt,16,218.957,4312.04
1600.0,638.14,encrypt,16,490.489,6328.55
1600.0,570.163,encrypt,16,330.051,4177.28
1600.0,603.709,encrypt,16,321.284,4496.19
1600.0,550.676,encrypt,32,367.706,4010.1
1600.0,502.394,encrypt,32,328.872,3475.72
1600.0,553.583,encrypt,32,351.043,4048.78
1600.0,557.51,encrypt,32,297.376,4014.43
1600.0,459.559,encrypt,32,307.276,3062.63
1600.0,563.733,encrypt,32,364.332,4038.94
1600.0,359.865,encrypt,32,257.378,3278.98
1600.0,553.627,encrypt,32,315.208,3933.91
1600.0,479.074,encrypt,32,329.798,3267.84
1700.0,3371.55,encrypt,2,2114.43,32814.8
1700.0,3452.01,encrypt,2,1937.34,32850
1700.0,3453.16,encrypt,2,1955.58,32889.4
1700.0,3453.26,encrypt,2,1909.51,32885
1700.0,3450.64,encrypt,2,1997.54,32886.5
1700.0,3446.26,encrypt,2,1956.94,32848.4
1700.0,3429.41,encrypt,2,1957.91,32882
1700.0,3412.05,encrypt,2,2001.36,32885.9
1700.0,3375.43,encrypt,2,1919.79,32886.5
1700.0,1645.26,encrypt,4,999.34,16424
1700.0,1603.36,encrypt,4,998.166,16431.4
1700.0,1805.61,encrypt,4,1019.55,16424.6
1700.0,1703.18,encrypt,4,1025.39,16433.8
1700.0,1808.69,encrypt,4,1084.46,16425.5
1700.0,1806.94,encrypt,4,1082.12,16434.2
1700.0,1746.72,encrypt,4,1028.13,16426.6
1700.0,1804.66,encrypt,4,1011.91,16434.3
1700.0,1801.41,encrypt,4,1027.6,16422
1700.0,999.716,encrypt,8,496.407,8301.09
1700.0,905.393,encrypt,8,554.296,8369.25
1700.0,992.758,encrypt,8,585.441,8225.66
1700.0,989.31,encrypt,8,611.985,8193.27
1700.0,988.367,encrypt,8,623.218,8193.02
1700.0,1418.33,encrypt,8,917.654,10054.4
1700.0,1432.9,encrypt,8,1003.85,10694.7
1700.0,1292.79,encrypt,8,833.495,9389.35
1700.0,1532.43,encrypt,8,952.191,14056.2
1700.0,463.301,encrypt,16,229.156,3886.13
1700.0,551.744,encrypt,16,186.456,3886.54
1700.0,508.507,encrypt,16,367.794,4356.13
1700.0,610.245,encrypt,16,278.516,4477.34
1700.0,424.762,encrypt,16,318.449,4133.31
1700.0,612.569,encrypt,16,484.269,5927.22
1700.0,568.998,encrypt,16,294.42,4038.07
1700.0,380.7,encrypt,16,317.395,4230.2
1700.0,550.624,encrypt,16,217.084,3903.69
1700.0,413.849,encrypt,32,250.052,2770.56
1700.0,292.939,encrypt,32,232,3309.72
1700.0,464.187,encrypt,32,327.911,3050.25
1700.0,324.234,encrypt,32,153.004,2837.69
1700.0,511.966,encrypt,32,209.417,3467.03
1700.0,480.333,encrypt,32,165.776,3145.24
1700.0,467.537,encrypt,32,307.357,3059.53
1700.0,357.105,encrypt,32,320.789,2956.52
1700.0,483.973,encrypt,32,173.922,3225.78
1800.0,3322.74,encrypt,2,1952.07,31042.4
1800.0,3384.84,encrypt,2,1917.93,31070.5
1800.0,3322.56,encrypt,2,1999.32,31066.6
1800.0,3371.1,encrypt,2,1998.56,31072.9
1800.0,3282.54,encrypt,2,1865.2,31078.1
1800.0,3271.93,encrypt,2,1916.99,31072
1800.0,3204.02,encrypt,2,1880.56,31075.1
1800.0,3365.46,encrypt,2,1945.61,31074.7
1800.0,3316.81,encrypt,2,1950.76,31075.2
1800.0,1654.65,encrypt,4,921.261,15515.8
1800.0,1735.36,encrypt,4,1014.46,15514.6
1800.0,1737.78,encrypt,4,913.332,15522.2
1800.0,1567.11,encrypt,4,1022.88,15515
1800.0,1742.73,encrypt,4,1050.11,15521
1800.0,1561.96,encrypt,4,1020.12,15515.3
1800.0,1501.62,encrypt,4,1005.25,15522.6
1800.0,1736.33,encrypt,4,1023.74,15516.5
1800.0,1598.28,encrypt,4,983.423,15518.9
1800.0,959.203,encrypt,8,545.667,7806.29
1800.0,952.444,encrypt,8,609.396,7753.09
1800.0,951.529,encrypt,8,548.379,7754.96
1800.0,920.819,encrypt,8,587.36,7984.64
1800.0,1515.15,encrypt,8,923.965,10299.8
1800.0,1273.03,encrypt,8,875.327,9573.63
1800.0,1493.34,encrypt,8,1003.69,10428.9
1800.0,933.462,encrypt,8,508.487,7385.75
1800.0,947.443,encrypt,8,591.352,7501.6
1800.0,537.453,encrypt,16,331.022,3731.21
1800.0,523.482,encrypt,16,351.814,3675.44
1800.0,350.457,encrypt,16,242.641,3673.45
1800.0,537.303,encrypt,16,324.214,3672.92
1800.0,305.859,encrypt,16,274.06,3740.82
1800.0,551.568,encrypt,16,287.79,3793.56
1800.0,368.15,encrypt,16,359.036,3677.19
1800.0,421.051,encrypt,16,327.605,3679.83
1800.0,469.583,encrypt,16,310.876,3701.93
1800.0,449.326,encrypt,32,300.142,2754.03
1800.0,414.687,encrypt,32,191.16,2864.04
1800.0,261.898,encrypt,32,307.918,2927.95
1800.0,463.515,encrypt,32,98.1192,2929.14
1800.0,447.99,encrypt,32,251.915,2763.66
1800.0,464.053,encrypt,32,328.402,2896.38
1800.0,450.831,encrypt,32,130.541,2818.42
1800.0,458.295,encrypt,32,172.643,2899.91
1800.0,467.966,encrypt,32,296.539,2973.37
1900.0,3024.25,encrypt,2,1789.65,29409.5
1900.0,3077.45,encrypt,2,1795.58,29399.8
1900.0,3198.27,encrypt,2,1821.51,29408.2
1900.0,3152.98,encrypt,2,1863.46,29403.8
1900.0,3192.03,encrypt,2,1830.77,29404.8
1900.0,3195.92,encrypt,2,1895.74,29407.7
1900.0,3064.13,encrypt,2,1871.25,29407.2
1900.0,3005.58,encrypt,2,1879.52,29408.2
1900.0,2979.93,encrypt,2,1771.76,29408.1
1900.0,1707.11,encrypt,4,1046.48,14863.1
1900.0,1688.21,encrypt,4,1035.41,14681
1900.0,1691.76,encrypt,4,1032.69,14781.3
1900.0,1581.54,encrypt,4,912.92,14673.2
1900.0,1678.25,encrypt,4,986.919,14670.8
1900.0,1682.27,encrypt,4,989.805,14672.4
1900.0,1682.98,encrypt,4,961.752,14670.7
1900.0,1858.74,encrypt,4,1103.25,14672.2
1900.0,1801.67,encrypt,4,1401.71,14694.8
1900.0,922.65,encrypt,8,536.723,7371.93
1900.0,930.478,encrypt,8,572.677,7396.28
1900.0,931.756,encrypt,8,573.489,7423.3
1900.0,1127.26,encrypt,8,659.606,7895.8
1900.0,1559.73,encrypt,8,1062.5,10902.2
1900.0,1436.01,encrypt,8,941.51,9857.84
1900.0,755.752,encrypt,8,501.607,7114.28
1900.0,902.85,encrypt,8,590.711,6975.53
1900.0,917.867,encrypt,8,578.737,6969.26
1900.0,535.273,encrypt,16,187.448,3511.26
1900.0,527.308,encrypt,16,368.472,3491.64
1900.0,543.646,encrypt,16,291.752,3590.44
1900.0,391.884,encrypt,16,292.215,3532.43
1900.0,532.628,encrypt,16,249.84,3524.11
1900.0,466.928,encrypt,16,356.603,3580.76
1900.0,324.278,encrypt,16,275.877,3504.47
1900.0,523.617,encrypt,16,271.773,3486.69
1900.0,304.136,encrypt,16,344.47,3488.36
1900.0,452.861,encrypt,32,297.023,2774.32
1900.0,450.148,encrypt,32,93.2889,2730.4
1900.0,461.618,encrypt,32,176.956,2807.49
1900.0,364.931,encrypt,32,120.985,2842.94
1900.0,436.714,encrypt,32,178.068,2750.65
1900.0,440.186,encrypt,32,232.541,2744.21
1900.0,440.186,encrypt,32,232.541,2744.21
1900.0,249.22,encrypt,32,307.929,3067.77
1900.0,465.546,encrypt,32,254.064,2814.48
2000.0,3104.58,encrypt,2,1799.69,27930.6
2000.0,2996.46,encrypt,2,1873.46,27930.8
2000.0,2968.91,encrypt,2,1802.88,27938.4
2000.0,3085.28,encrypt,2,1789.84,27931
2000.0,3130.4,encrypt,2,1827.58,27936.9
2000.0,2992.95,encrypt,2,1779.84,27936.1
2000.0,2911.83,encrypt,2,1811.43,27935.6
2000.0,3110.33,encrypt,2,1730.89,27936.1
2000.0,3037.09,encrypt,2,1846.76,27931.2
2000.0,1584.46,encrypt,4,993.813,14053
2000.0,1659.08,encrypt,4,923.918,14096.3
2000.0,1647.59,encrypt,4,1024.45,13966.1
2000.0,1646.34,encrypt,4,984.049,14029.5
2000.0,1652.01,encrypt,4,1027.52,14074.7
2000.0,1623.48,encrypt,4,990.304,14207.3
2000.0,1629.5,encrypt,4,951.12,13939.8
2000.0,1777.09,encrypt,4,1024.83,13941.2
2000.0,1763.18,encrypt,4,1299.81,13974.5
2000.0,955.694,encrypt,8,592.516,7998.61
2000.0,927.965,encrypt,8,580.133,7214.37
2000.0,691.921,encrypt,8,455.5,7065.31
2000.0,1182.68,encrypt,8,857.709,8890.47
2000.0,1513.64,encrypt,8,1026.99,9620.16
2000.0,1188.03,encrypt,8,779.407,8239.41
2000.0,703.737,encrypt,8,558.895,6398.52
2000.0,860.442,encrypt,8,512,6340.9
2000.0,739.154,encrypt,8,574.422,6340.68
2000.0,519.7,encrypt,16,282.254,3212.03
2000.0,525.2,encrypt,16,254.106,3264.35
2000.0,515.556,encrypt,16,361.113,3185.76
2000.0,473.864,encrypt,16,191.446,3176.29
2000.0,254.363,encrypt,16,308.274,3173.87
2000.0,494.121,encrypt,16,352.854,3169.05
2000.0,514.507,encrypt,16,366.789,3173.86
2000.0,509.037,encrypt,16,216.694,3169.14
2000.0,510.781,encrypt,16,207.021,3169.5
2000.0,271.527,encrypt,32,327.855,2560.53
2000.0,440.673,encrypt,32,300.831,2448.62
2000.0,449.242,encrypt,32,92.1476,2542.48
2000.0,414.42,encrypt,32,158.393,2545.84
2000.0,451.559,encrypt,32,311.344,2546.78
2000.0,393.678,encrypt,32,111.917,2529.61
2000.0,447.942,encrypt,32,327.644,2514.72
2000.0,215.011,encrypt,32,155.496,2524.35
2000.0,488.323,encrypt,32,334.767,2854.54
2200.0,3025.46,encrypt,2,1805.15,25342.6
2200.0,2727.99,encrypt,2,1673.76,25377.2
2200.0,2962.27,encrypt,2,1818.95,25376.7
2200.0,2916.95,encrypt,2,1777.14,25377.3
2200.0,2970.82,encrypt,2,1836.94,25385.5
2200.0,2964.61,encrypt,2,1725.52,25378.2
2200.0,2979.65,encrypt,2,1773.94,25383.1
2200.0,2807.63,encrypt,2,1745.76,25385
2200.0,2967.08,encrypt,2,1701.98,25385.2
2200.0,1586.07,encrypt,4,1009.63,12832.6
2200.0,1555.9,encrypt,4,967.717,12684.6
2200.0,1557.76,encrypt,4,939.875,12693.1
2200.0,1331.06,encrypt,4,938.912,12761
2200.0,1497.43,encrypt,4,941.874,12677.9
2200.0,1556.29,encrypt,4,910.569,12675.8
2200.0,1554.38,encrypt,4,847.926,12678.1
2200.0,1669.52,encrypt,4,990.898,12676.8
2200.0,1896.08,encrypt,4,1235.37,12743.2
2200.0,805.947,encrypt,8,488.323,6345.47
2200.0,1305.5,encrypt,8,726.797,7634.27
2200.0,1211.04,encrypt,8,945.84,8528.51
2200.0,1303.67,encrypt,8,978.274,9127.13
2200.0,1188.52,encrypt,8,935.07,7868.94
2200.0,787.98,encrypt,8,451.463,6465.36
2200.0,847.833,encrypt,8,567.827,6073.08
2200.0,712.495,encrypt,8,494.567,6098.21
2200.0,844.962,encrypt,8,504.251,6067.04
2200.0,362.775,encrypt,16,383.58,3238.49
2200.0,467.693,encrypt,16,370.218,3109.7
2200.0,309.487,encrypt,16,210.729,3048.14
2200.0,430.213,encrypt,16,200.748,3051.11
2200.0,445.986,encrypt,16,342.655,3032.36
2200.0,507.68,encrypt,16,160.692,3036.11
2200.0,398.844,encrypt,16,289.186,3037.92
2200.0,501.895,encrypt,16,364.26,3031.29
2200.0,386.867,encrypt,16,280.187,3031.68
2200.0,470.41,encrypt,32,299.375,2626.64
2200.0,251.348,encrypt,32,197.795,2810.21
2200.0,429.698,encrypt,32,285.666,2259.98
2200.0,408.002,encrypt,32,177.505,2382.43
2200.0,212.255,encrypt,32,227.178,2836.47
2200.0,224.961,encrypt,32,247.833,2351.24
2200.0,195.854,encrypt,32,211.155,2378.31
2200.0,456.931,encrypt,32,204.963,2484.61
2200.0,219.086,encrypt,32,271.751,2617.99
2300.0,2887.99,encrypt,2,1726.51,24278.4
2300.0,2809.36,encrypt,2,1683.08,24280.5
2300.0,2811.13,encrypt,2,1666.42,24286.9
2300.0,2775.93,encrypt,2,1700.57,24279.6
2300.0,2745.77,encrypt,2,1800.11,24290.4
2300.0,2883.32,encrypt,2,1753.13,24285.3
2300.0,2842.28,encrypt,2,1729.53,24280.6
2300.0,2856.72,encrypt,2,1776.98,24287.3
2300.0,2702.03,encrypt,2,1761.79,24286.9
2300.0,1529.73,encrypt,4,943.497,12175
2300.0,1562.98,encrypt,4,980.727,12531.9
2300.0,1540.38,encrypt,4,835.048,12145
2300.0,1371.92,encrypt,4,883.881,12362.1
2300.0,1547.54,encrypt,4,911.294,12318.9
2300.0,1413.85,encrypt,4,937.095,12125.3
2300.0,1518.62,encrypt,4,877.321,12124.3
2300.0,1257.3,encrypt,4,930.288,12127.9
2300.0,2232.52,encrypt,4,1569.61,13933.7
2300.0,1200.9,encrypt,8,804.149,7192.5
2300.0,1178.78,encrypt,8,1015.06,8224.61
2300.0,1080.51,encrypt,8,954.607,7187.17
2300.0,959.613,encrypt,8,659.902,6340.08
2300.0,837.276,encrypt,8,569.612,5827.7
2300.0,870.433,encrypt,8,596.611,5960.76
2300.0,841.455,encrypt,8,573.718,5839.35
2300.0,614.252,encrypt,8,308.93,5817.54
2300.0,830.497,encrypt,8,556.227,5809.44
2300.0,504.686,encrypt,16,221.323,2918.53
2300.0,509.411,encrypt,16,296.438,2957.66
2300.0,506.528,encrypt,16,350.724,2999.56
2300.0,506.426,encrypt,16,372.323,2931.1
2300.0,508.68,encrypt,16,217.781,2932.96
2300.0,507.313,encrypt,16,258.705,2910.93
2300.0,347.666,encrypt,16,122.988,2905.38
2300.0,366.341,encrypt,16,263.566,2909.23
2300.0,499.472,encrypt,16,364.935,2905.6
2300.0,416.993,encrypt,32,48.6583,2192.61
2300.0,436.313,encrypt,32,274.361,2238.31
2300.0,434.836,encrypt,32,121.116,2246.6
2300.0,441.811,encrypt,32,274.149,2321.1
2300.0,440.465,encrypt,32,149.826,2255.3
2300.0,485.751,encrypt,32,361.727,2665.39
2300.0,440.591,encrypt,32,333.797,2301.6
2300.0,310.362,encrypt,32,336.731,2323.89
2300.0,240.919,encrypt,32,288.892,2298.41
2400.0,2808.81,encrypt,2,1675.72,23361.6
2400.0,2849.7,encrypt,2,1782.63,23361.3
2400.0,2820.78,encrypt,2,1772.71,23361.6
2400.0,2673.09,encrypt,2,1733.92,23361.9
2400.0,2757.85,encrypt,2,1743.23,23370.9
2400.0,2855.38,encrypt,2,1806.75,23361.4
2400.0,2822.67,encrypt,2,1776.06,23371.1
2400.0,2828.79,encrypt,2,1691.92,23370.8
2400.0,2646,encrypt,2,1648.69,23362.9
2400.0,1496.93,encrypt,4,924.344,11648.3
2400.0,1450.03,encrypt,4,912.7,11880.4
2400.0,1496.01,encrypt,4,955.171,11657.6
2400.0,1382.07,encrypt,4,911.405,11860.6
2400.0,1486.93,encrypt,4,920.921,11622.8
2400.0,1489.17,encrypt,4,838.732,11621.5
2400.0,1673.78,encrypt,4,1254.74,11624.7
2400.0,1670.44,encrypt,4,1207.63,11628.3
2400.0,1282.32,encrypt,4,1037.57,11656.2
2400.0,1175.35,encrypt,8,757.926,6708.5
2400.0,1061.77,encrypt,8,873.017,6329.82
2400.0,1023.09,encrypt,8,794.76,6319.38
2400.0,940.692,encrypt,8,786.799,6179.27
2400.0,956.164,encrypt,8,693.785,6163.21
2400.0,831.649,encrypt,8,506.233,5671.14
2400.0,820.297,encrypt,8,460.805,5580.83
2400.0,793.012,encrypt,8,390.545,5577.98
2400.0,768.249,encrypt,8,371.075,5578.05
2400.0,505.088,encrypt,16,172.619,2811.06
2400.0,504.572,encrypt,16,223.111,2832.32
2400.0,510.175,encrypt,16,263.628,2894.58
2400.0,540.453,encrypt,16,316.758,3447.36
2400.0,446.001,encrypt,16,291.948,3045.28
2400.0,482.185,encrypt,16,314.072,2793.76
2400.0,507.742,encrypt,16,229.564,2872.55
2400.0,393.47,encrypt,16,292.175,2797.38
2400.0,496.052,encrypt,16,206.042,2795.75
2400.0,460.639,encrypt,32,206.801,2713.79
2400.0,444.954,encrypt,32,260.058,2174.97
2400.0,386.708,encrypt,32,74.3972,2157.53
2400.0,442.371,encrypt,32,269.148,2281.93
2400.0,432.493,encrypt,32,121.101,2171.89
2400.0,482.749,encrypt,32,247.185,2622.48
2400.0,430.571,encrypt,32,23.1202,2138.75
2400.0,495.383,encrypt,32,361.002,2652.46
2400.0,301.593,encrypt,32,174.969,2104.09
2500.0,2731.68,encrypt,2,1664.42,22373.9
2500.0,2619.22,encrypt,2,1608.42,22365
2500.0,2757.98,encrypt,2,1745.17,22365.1
2500.0,2796.27,encrypt,2,1789.04,22377.5
2500.0,2761.24,encrypt,2,1676.64,22371.6
2500.0,2798.88,encrypt,2,1749.48,22375.2
2500.0,2758.97,encrypt,2,1677.56,22363.7
2500.0,2656.35,encrypt,2,1722.49,22378.4
2500.0,2771,encrypt,2,1708.62,22365
2500.0,1463.76,encrypt,4,898.072,11172.3
2500.0,1429.02,encrypt,4,939.34,11518
2500.0,1468.9,encrypt,4,860.261,11169.8
2500.0,1476.15,encrypt,4,826.043,11227.5
2500.0,1298.09,encrypt,4,972.05,11257.4
2500.0,1469.62,encrypt,4,964.163,11166.6
2500.0,1233.11,encrypt,4,824.485,11178.2
2500.0,1735.53,encrypt,4,1059.8,11201.3
2500.0,1846.59,encrypt,4,1294.54,11212.3
2500.0,764.296,encrypt,8,623.716,6080.76
2500.0,911.783,encrypt,8,722.839,5949.14
2500.0,948.26,encrypt,8,712.245,6316.07
2500.0,845.776,encrypt,8,632.067,6198.88
2500.0,1004.76,encrypt,8,775.499,6007.4
2500.0,773.239,encrypt,8,489.278,5211.12
2500.0,819.953,encrypt,8,419.471,5276.27
2500.0,809.847,encrypt,8,503.824,5237.98
2500.0,805.892,encrypt,8,570.075,5173.36
2500.0,493.079,encrypt,16,112.936,3204.37
2500.0,548.777,encrypt,16,370.83,2970.73
2500.0,652.29,encrypt,16,426.962,4493.4
2500.0,502.364,encrypt,16,312.236,2631.74
2500.0,652.29,encrypt,16,426.962,4493.4
2500.0,502.364,encrypt,16,312.236,2631.74
2500.0,497.913,encrypt,16,311.224,2587.92
2500.0,438.406,encrypt,16,123.347,2640.33
2500.0,541.712,encrypt,16,286.678,2982.29
2500.0,252.874,encrypt,32,287.538,2383.69
2500.0,465.396,encrypt,32,58.8035,2223.62
2500.0,239.726,encrypt,32,343.365,2037.58
2500.0,295.604,encrypt,32,239.684,2133.49
2500.0,433.549,encrypt,32,79.7306,2214.38
2500.0,451.721,encrypt,32,340.127,2105.02
2500.0,410.784,encrypt,32,164.227,2156.34
2500.0,451.173,encrypt,32,350.957,2109.19
2500.0,276.711,encrypt,32,267.566,2117.72
2700.0,2698.79,encrypt,2,1764.92,20706.2
2700.0,2439.47,encrypt,2,1727.16,20711.3
2700.0,2631.85,encrypt,2,1660.9,20710.8
2700.0,2588.25,encrypt,2,1585.32,20712.4
2700.0,2565.92,encrypt,2,1690.25,20726.9
2700.0,2443.81,encrypt,2,1679.09,20711.2
2700.0,2655.41,encrypt,2,1760.52,20723.3
2700.0,2437.35,encrypt,2,1581.33,20714.6
2700.0,2659.54,encrypt,2,1608.16,20720.4
2700.0,1334.75,encrypt,4,852.479,10342.7
2700.0,1422.54,encrypt,4,877.736,10343.4
2700.0,1423.34,encrypt,4,842.187,10342.4
2700.0,1427.78,encrypt,4,923.328,10347.8
2700.0,1350.21,encrypt,4,866.916,10345.1
2700.0,1286.12,encrypt,4,954.755,10347.7
2700.0,1183.72,encrypt,4,954.621,10344.2
2700.0,1850.6,encrypt,4,1105.65,10353
2700.0,1810.28,encrypt,4,1112.78,10382.8
2700.0,799.411,encrypt,8,401.77,5182.24
2700.0,506.939,encrypt,8,389.257,5211.26
2700.0,789.563,encrypt,8,601.373,5300.86
2700.0,1156.16,encrypt,8,816.066,5840.79
2700.0,813.448,encrypt,8,628.204,5663.58
2700.0,1022.57,encrypt,8,762.509,5527.95
2700.0,597.353,encrypt,8,427.104,5029.53
2700.0,818.172,encrypt,8,536.712,5086.9
2700.0,803.86,encrypt,8,353.444,4998.35
2700.0,487.405,encrypt,16,319.772,2508.65
2700.0,353.165,encrypt,16,114.216,2522.97
2700.0,371.087,encrypt,16,324.173,2565.75
2700.0,517.735,encrypt,16,276.889,2586.66
2700.0,510.357,encrypt,16,143.723,2603.67
2700.0,500.192,encrypt,16,244.775,2518.66
2700.0,435.474,encrypt,16,342.01,2632.83
2700.0,503.909,encrypt,16,400.275,2884.21
2700.0,263.205,encrypt,16,343.957,2492.68
2700.0,388.069,encrypt,32,228.474,1991.34
2700.0,454.253,encrypt,32,7.06371,2033.74
2700.0,452.908,encrypt,32,353.052,1992.95
2700.0,446.891,encrypt,32,258.616,1933.36
2700.0,450.63,encrypt,32,79.7295,1950.32
2700.0,490.453,encrypt,32,299.835,2435.87
2700.0,447.475,encrypt,32,182.287,2192.97
2700.0,465.085,encrypt,32,92.372,2174.83
2700.0,472.412,encrypt,32,308.883,2112.56
2800.0,2700.88,encrypt,2,1722.47,19940.8
2800.0,2628.35,encrypt,2,1691.16,19967.5
2800.0,2649.43,encrypt,2,1604.76,19966.9
2800.0,2503.13,encrypt,2,1674.88,19967.4
2800.0,2618.33,encrypt,2,1567.82,19967.5
2800.0,2623.63,encrypt,2,1673.35,19978.9
2800.0,2538.73,encrypt,2,1674.87,19972.8
2800.0,2626.46,encrypt,2,1718.98,19982.6
2800.0,2620.87,encrypt,2,1615.06,19980.3
2800.0,1240.05,encrypt,4,816.679,9973.98
2800.0,1401.99,encrypt,4,914.337,9974.02
2800.0,1403.83,encrypt,4,909.255,9974.45
2800.0,1178.21,encrypt,4,842.052,9977.92
2800.0,1401.45,encrypt,4,895.964,9974.09
2800.0,1404.17,encrypt,4,816.323,9973.98
2800.0,1138.61,encrypt,4,893.672,9978.09
2800.0,1299.15,encrypt,4,887.113,9974.72
2800.0,1523.12,encrypt,4,1156.93,9982.52
2800.0,728.87,encrypt,8,478.398,5014.69
2800.0,521.673,encrypt,8,469.882,5018.6
2800.0,532.496,encrypt,8,518.352,5147.11
2800.0,1218.32,encrypt,8,789.589,5797.46
2800.0,1320.02,encrypt,8,968.464,6255.34
2800.0,287.329,encrypt,8,477.768,5648.35
2800.0,292.27,encrypt,8,271.096,4989.14
2800.0,807.437,encrypt,8,574.112,4888.73
2800.0,799.763,encrypt,8,365.092,4844.22
2800.0,498.552,encrypt,16,158.303,2415.62
2800.0,488.496,encrypt,16,265.963,2412.44
2800.0,540.058,encrypt,16,407.339,2695.63
2800.0,491.71,encrypt,16,334.952,2433.72
2800.0,538.604,encrypt,16,97.1762,2528.57
2800.0,530.633,encrypt,16,80.7304,2505.4
2800.0,510.324,encrypt,16,190.41,2458.54
2800.0,503.728,encrypt,16,208.587,2430.13
2800.0,494.354,encrypt,16,321.91,2407.75
2800.0,490.8,encrypt,32,307.218,2363.36
2800.0,452.552,encrypt,32,101.084,2335.78
2800.0,508.797,encrypt,32,279.921,2373.44
2800.0,493.118,encrypt,32,239.294,2329.95
2800.0,344.294,encrypt,32,148.241,2239.61
2800.0,243.007,encrypt,32,251.271,2038.01
2800.0,469.049,encrypt,32,218.845,2004.24
2800.0,452.85,encrypt,32,55.8242,1908.55
2800.0,309.122,encrypt,32,355.865,1881.6
2900.0,2471.3,encrypt,2,1710.11,19245.8
2900.0,2550.81,encrypt,2,1658.6,19273.4
2900.0,2606.95,encrypt,2,1643.02,19273.5
2900.0,2485.14,encrypt,2,1662.07,19277.6
2900.0,2597.2,encrypt,2,1655.95,19273.7
2900.0,2596.04,encrypt,2,1573.02,19282.4
2900.0,2594.05,encrypt,2,1673.73,19274.1
2900.0,2430.96,encrypt,2,1613.94,19281.3
2900.0,2521.04,encrypt,2,1645.74,19278
2900.0,1393.31,encrypt,4,797.931,9665.47
2900.0,1389.76,encrypt,4,895.817,9637.61
2900.0,1404.88,encrypt,4,877.271,9641.49
2900.0,1410.17,encrypt,4,870.8,9749.85
2900.0,1208.01,encrypt,4,879.202,9874.57
2900.0,1399.78,encrypt,4,870.684,9639.19
2900.0,1312.31,encrypt,4,785.185,9664.92
2900.0,1492.85,encrypt,4,1193.91,9974.1
2900.0,1594.96,encrypt,4,1297.18,9830.2
2900.0,606.027,encrypt,8,509.044,4818.59
2900.0,804.887,encrypt,8,578.021,4892.65
2900.0,1077,encrypt,8,852.484,6531.2
2900.0,1127.96,encrypt,8,1052.86,7049.64
2900.0,978.041,encrypt,8,865.267,5576.24
2900.0,1152.45,encrypt,8,1099.92,7067.59
2900.0,767.026,encrypt,8,388.805,3924.76
2900.0,743.071,encrypt,8,629.589,3915.82
2900.0,865.987,encrypt,8,534.403,3922.45
2900.0,452.051,encrypt,16,359.145,3115.44
2900.0,440.113,encrypt,16,160.395,2216.81
2900.0,93.1627,encrypt,16,401.92,2193.07
2900.0,555.44,encrypt,16,138.269,2137.46
2900.0,582.703,encrypt,16,348.835,2202.91
2900.0,254.636,encrypt,16,100.995,2169.62
2900.0,488.365,encrypt,16,290.326,2385.6
2900.0,155.95,encrypt,16,453.464,2102.71
2900.0,89.8373,encrypt,16,201.497,2116.08
2900.0,121.07,encrypt,32,249.555,1766.39
2900.0,504.126,encrypt,32,0,1637.15
2900.0,550.215,encrypt,32,0,1896.08
2900.0,330.75,encrypt,32,361.691,1741.1
2900.0,390.72,encrypt,32,172.359,1855.88
2900.0,539.656,encrypt,32,76.2583,1804.77
2900.0,345.886,encrypt,32,0,1490.18
2900.0,531.556,encrypt,32,352.773,1777.8
2900.0,487.788,encrypt,32,157.671,1441.1
2901.0,2690.89,encrypt,2,1890.14,14693.6
2901.0,2650.16,encrypt,2,1837.99,14699.2
2901.0,2689.11,encrypt,2,1731.26,14701.9
2901.0,2417.55,encrypt,2,1816.83,14705.5
2901.0,2659.13,encrypt,2,2160.5,15496.3
2901.0,2399.51,encrypt,2,1997.47,14701.4
2901.0,2694.86,encrypt,2,1819.95,14698.2
2901.0,2702.34,encrypt,2,1785.35,14703.8
2901.0,2480.07,encrypt,2,2022.85,14954.8
2901.0,1498.44,encrypt,4,1015.68,7722.98
2901.0,1522.14,encrypt,4,1145.4,7945.79
2901.0,1492.24,encrypt,4,1114.12,7776.05
2901.0,1519.83,encrypt,4,1050.27,7881.05
2901.0,1501.26,encrypt,4,1055.55,7743.46
2901.0,1481.07,encrypt,4,1091.57,7599.55
2901.0,1308.34,encrypt,4,1079.7,7726.34
2901.0,1494.47,encrypt,4,1125.97,7744.84
2901.0,1958.87,encrypt,4,1548.46,8012.31
2901.0,948.841,encrypt,8,585.606,4365.4
2901.0,868.548,encrypt,8,629.878,3923.99
2901.0,1217.56,encrypt,8,675.307,4631.2
2901.0,1439.84,encrypt,8,986.472,4705.32
2901.0,1340.1,encrypt,8,937.807,4225.8
2901.0,1081.56,encrypt,8,893.999,5145.47
2901.0,940.985,encrypt,8,1175.13,4733.05
2901.0,1148.98,encrypt,8,677.243,4456.3
2901.0,731.734,encrypt,8,426.793,3905.11
2901.0,536.02,encrypt,16,191.299,2088.96
2901.0,355.444,encrypt,16,425.059,2078.65
2901.0,247.379,encrypt,16,205.139,2078.88
2901.0,526.875,encrypt,16,263.341,2078.43
2901.0,269.896,encrypt,16,115.232,2076.65
2901.0,527.305,encrypt,16,4.25822,2077.49
2901.0,528.39,encrypt,16,403.902,2079.17
2901.0,469.897,encrypt,16,365.934,2075.77
2901.0,421.735,encrypt,16,175.867,2096.27
2901.0,466.055,encrypt,32,0,1546.48
2901.0,255.537,encrypt,32,266.398,1756.23
2901.0,508.171,encrypt,32,210.854,1817.48
2901.0,489.504,encrypt,32,395.336,1751.79
2901.0,471.43,encrypt,32,385.137,1639.12
2901.0,502.758,encrypt,32,334.36,1815.53
2901.0,402.217,encrypt,32,343.032,1725.77
2901.0,174.179,encrypt,32,147.785,1781.39
2901.0,480.389,encrypt,32,115.674,1691.75
